GEOID,year,name,parent.location,population,poverty.rate,renter.occupied.households,pct.renter.occupied,median.gross.rent,median.household.income,median.property.value,rent.burden,pct.white,pct.af.am,pct.hispanic,pct.am.ind,pct.asian,pct.nh.pi,pct.multiple,pct.other,eviction.filings,evictions,eviction.rate,eviction.filing.rate,low.flag,imputed,subbed
53001,2004,Adams County,Washington,16428,18.2,1785,31.61,430,33888,84300,22.9,50.93,0.12,47.07,0.27,0.46,0.01,1.09,0.05,23,13,0.73,1.29,0,0,0
53001,2005,Adams County,Washington,17029,16.18,1819,33.1,519,39679,120700,26.8,42.94,0.16,54.84,0.28,0.12,0,1.42,0.23,19,12,0.66,1.04,0,0,0
53001,2007,Adams County,Washington,17029,16.18,1885,33.1,519,39679,120700,26.8,42.94,0.16,54.84,0.28,0.12,0,1.42,0.23,13,7,0.37,0.69,1,0,0
53001,2008,Adams County,Washington,17029,16.18,1918,33.1,519,39679,120700,26.8,42.94,0.16,54.84,0.28,0.12,0,1.42,0.23,11,4,0.21,0.57,1,0,0
53001,2009,Adams County,Washington,17029,16.18,1951,33.1,519,39679,120700,26.8,42.94,0.16,54.84,0.28,0.12,0,1.42,0.23,18,7,0.36,0.92,0,0,0
53001,2010,Adams County,Washington,18728,17.92,1984,34.69,582,41798,131600,24.8,38.78,0.25,59.26,0.41,0.53,0.02,0.66,0.1,7,3,0.15,0.35,1,0,0
53001,2011,Adams County,Washington,19081,17.58,2018,34.71,680,46564,138400,28.8,36.23,0.2,61.46,0.08,0.63,0.13,1.26,0,12,10,0.5,0.59,1,0,0
53001,2012,Adams County,Washington,19081,17.58,2052,34.71,680,46564,138400,28.8,36.23,0.2,61.46,0.08,0.63,0.13,1.26,0,5,4,0.19,0.24,1,0,0
53001,2015,Adams County,Washington,19081,17.58,2155,34.71,680,46564,138400,28.8,36.23,0.2,61.46,0.08,0.63,0.13,1.26,0,8,7,0.32,0.37,1,0,0
53003,2005,Asotin County,Washington,21198,12.59,2899,29.25,601,40643,148600,30.2,93.39,0,2.57,0.83,0.73,0.02,2.47,0,,,,,0,0,0
53003,2006,Asotin County,Washington,21198,12.59,2928,29.25,601,40643,148600,30.2,93.39,0,2.57,0.83,0.73,0.02,2.47,0,,,,,0,0,0
53003,2007,Asotin County,Washington,21198,12.59,2958,29.25,601,40643,148600,30.2,93.39,0,2.57,0.83,0.73,0.02,2.47,0,,,,,0,0,0
53003,2008,Asotin County,Washington,21198,12.59,2987,29.25,601,40643,148600,30.2,93.39,0,2.57,0.83,0.73,0.02,2.47,0,,,,,0,0,0
53003,2009,Asotin County,Washington,21198,12.59,3017,29.25,601,40643,148600,30.2,93.39,0,2.57,0.83,0.73,0.02,2.47,0,,,,,0,0,0
53005,2004,Benton County,Washington,142475,10.28,18202,31.25,566,47044,119900,23.9,81.74,0.86,12.5,0.68,2.18,0.09,1.82,0.14,540,288,1.58,2.97,1,0,0
53007,2003,Chelan County,Washington,66616,12.43,9233,35.34,535,37316,148400,27,77.44,0.17,19.26,0.83,0.66,0.1,1.4,0.14,153,93,1.01,1.66,1,0,0
53007,2004,Chelan County,Washington,66616,12.43,9363,35.34,535,37316,148400,27,77.44,0.17,19.26,0.83,0.66,0.1,1.4,0.14,135,79,0.84,1.44,1,0,0
53011,2004,Clark County,Washington,345238,9.09,46633,32.75,684,48376,156600,26.2,86.65,1.63,4.71,0.75,3.18,0.35,2.6,0.14,1627,1019,2.19,3.49,0,0,0
53011,2009,Clark County,Washington,416205,7.65,52852,31.25,846,58095,258600,29.9,83.96,1.62,6.6,0.48,3.75,0.4,3.05,0.13,1299,815,1.54,2.46,1,0,0
53011,2012,Clark County,Washington,444506,7.93,55855,35.74,990,60756,234800,30.1,80.25,1.8,8.42,0.59,4.14,0.71,3.9,0.18,1175,810,1.45,2.1,1,0,0
53011,2013,Clark County,Washington,444506,7.93,56735,35.74,990,60756,234800,30.1,80.25,1.8,8.42,0.59,4.14,0.71,3.9,0.18,1179,833,1.47,2.08,1,0,0
53013,2003,Columbia County,Washington,4064,12.65,506,30.59,467,33500,85000,23.7,90.67,0.22,6.35,0.84,0.39,0.05,1.48,0,11,7,1.38,2.17,0,0,0
53013,2004,Columbia County,Washington,4064,12.65,503,30.59,467,33500,85000,23.7,90.67,0.22,6.35,0.84,0.39,0.05,1.48,0,3,2,0.4,0.6,0,0,0
53013,2005,Columbia County,Washington,3984,10.04,500,28.58,489,40774,135200,32,90.11,0,4.94,2.69,0.65,0.3,1.31,0,9,8,1.6,1.8,0,0,0
53013,2006,Columbia County,Washington,3984,10.04,497,28.58,489,40774,135200,32,90.11,0,4.94,2.69,0.65,0.3,1.31,0,7,3,0.6,1.41,0,0,0
53013,2007,Columbia County,Washington,3984,10.04,494,28.58,489,40774,135200,32,90.11,0,4.94,2.69,0.65,0.3,1.31,0,4,3,0.61,0.81,0,0,0
53013,2008,Columbia County,Washington,3984,10.04,490,28.58,489,40774,135200,32,90.11,0,4.94,2.69,0.65,0.3,1.31,0,3,2,0.41,0.61,0,0,0
53013,2009,Columbia County,Washington,3984,10.04,487,28.58,489,40774,135200,32,90.11,0,4.94,2.69,0.65,0.3,1.31,0,5,4,0.82,1.03,0,0,0
53013,2010,Columbia County,Washington,4078,8.55,484,27.47,583,45417,159100,38.1,89.48,0.29,6.23,1.15,0.56,0.34,1.72,0.22,3,2,0.41,0.62,0,0,0
53013,2011,Columbia County,Washington,3989,10.81,487,26.28,721,38581,154800,34.3,88.52,0.35,6.39,0.45,0.55,0.93,2.53,0.28,2,2,0.41,0.41,0,0,0
53013,2013,Columbia County,Washington,3989,10.81,493,26.28,721,38581,154800,34.3,88.52,0.35,6.39,0.45,0.55,0.93,2.53,0.28,2,2,0.41,0.41,0,0,0
53015,2004,Cowlitz County,Washington,92948,13.97,12467,32.36,518,39797,129900,26.9,89.91,0.48,4.55,1.38,1.29,0.12,2.2,0.07,487,329,2.64,3.91,0,0,0
53015,2009,Cowlitz County,Washington,99874,10.96,13550,32.43,670,46379,183500,31.1,87.68,0.52,6.53,0.87,1.22,0.13,3,0.05,342,226,1.67,2.52,1,0,0
53015,2010,Cowlitz County,Washington,102410,12.63,13767,34.21,725,46568,189900,34.1,85.76,0.56,7.79,1.33,1.44,0.2,2.86,0.06,299,200,1.45,2.17,1,0,0
53015,2011,Cowlitz County,Washington,102338,12.46,13864,34.38,765,47452,175300,33.7,84.86,0.57,8.3,0.93,1.28,0.18,3.81,0.08,334,240,1.73,2.41,1,0,0
53015,2012,Cowlitz County,Washington,102338,12.46,13960,34.38,765,47452,175300,33.7,84.86,0.57,8.3,0.93,1.28,0.18,3.81,0.08,319,223,1.6,2.29,1,0,0
53015,2013,Cowlitz County,Washington,102338,12.46,14057,34.38,765,47452,175300,33.7,84.86,0.57,8.3,0.93,1.28,0.18,3.81,0.08,351,243,1.73,2.5,1,0,0
53015,2014,Cowlitz County,Washington,102338,12.46,14153,34.38,765,47452,175300,33.7,84.86,0.57,8.3,0.93,1.28,0.18,3.81,0.08,360,270,1.91,2.54,1,0,0
53017,2010,Douglas County,Washington,38431,11.13,4173,30.03,753,52285,213900,26.8,67.84,0.22,28.66,0.76,0.7,0.13,1.56,0.14,,,,,0,0,0
53017,2011,Douglas County,Washington,39599,9.75,4234,28.18,824,53636,209700,26.6,66.12,0.2,30.02,0.9,0.67,0.05,1.97,0.07,,,,,0,0,0
53017,2012,Douglas County,Washington,39599,9.75,4295,28.18,824,53636,209700,26.6,66.12,0.2,30.02,0.9,0.67,0.05,1.97,0.07,,,,,0,0,0
53017,2013,Douglas County,Washington,39599,9.75,4357,28.18,824,53636,209700,26.6,66.12,0.2,30.02,0.9,0.67,0.05,1.97,0.07,,,,,0,0,0
53017,2014,Douglas County,Washington,39599,9.75,4418,28.18,824,53636,209700,26.6,66.12,0.2,30.02,0.9,0.67,0.05,1.97,0.07,,,,,0,0,0
53019,2002,Ferry County,Washington,7260,19.04,789,27.03,380,30388,92400,22.6,74.92,0.21,2.82,17.75,0.25,0.06,2.98,1.02,12,0,0,1.52,0,0,0
53019,2004,Ferry County,Washington,7260,19.04,816,27.03,380,30388,92400,22.6,74.92,0.21,2.82,17.75,0.25,0.06,2.98,1.02,4,3,0.37,0.49,0,0,0
53019,2005,Ferry County,Washington,7444,12.03,829,26.77,513,36096,133500,27.7,76.24,0.27,3.34,17.13,1.8,0,1.17,0.05,3,3,0.36,0.36,0,0,0
53019,2006,Ferry County,Washington,7444,12.03,842,26.77,513,36096,133500,27.7,76.24,0.27,3.34,17.13,1.8,0,1.17,0.05,2,2,0.24,0.24,0,0,0
53019,2007,Ferry County,Washington,7444,12.03,855,26.77,513,36096,133500,27.7,76.24,0.27,3.34,17.13,1.8,0,1.17,0.05,4,2,0.23,0.47,0,0,0
53019,2008,Ferry County,Washington,7444,12.03,869,26.77,513,36096,133500,27.7,76.24,0.27,3.34,17.13,1.8,0,1.17,0.05,4,4,0.46,0.46,0,0,0
53019,2009,Ferry County,Washington,7444,12.03,882,26.77,513,36096,133500,27.7,76.24,0.27,3.34,17.13,1.8,0,1.17,0.05,2,2,0.23,0.23,0,0,0
53019,2010,Ferry County,Washington,7551,12.42,895,28.06,546,35742,154400,28,74.98,0.24,3.36,16.09,0.69,0.11,4.42,0.11,1,1,0.11,0.11,0,0,0
53019,2012,Ferry County,Washington,7652,13.96,906,28.81,550,38125,166000,29.5,74.1,0.26,4.04,15.22,0.13,0.64,5.61,0,4,4,0.44,0.44,0,0,0
53019,2013,Ferry County,Washington,7652,13.96,912,28.81,550,38125,166000,29.5,74.1,0.26,4.04,15.22,0.13,0.64,5.61,0,2,2,0.22,0.22,0,0,0
53021,2003,Franklin County,Washington,49347,19.21,5924,34.37,464,38991,102000,25.4,47.56,2.27,46.67,0.48,1.55,0.06,1.32,0.08,104,56,0.95,1.76,0,0,0
53021,2004,Franklin County,Washington,49347,19.21,6198,34.37,464,38991,102000,25.4,47.56,2.27,46.67,0.48,1.55,0.06,1.32,0.08,121,70,1.13,1.95,0,0,0
53021,2005,Franklin County,Washington,69757,16.58,6473,32.65,655,45337,142000,30.9,45.3,1.75,49.23,0.55,1.78,0.05,1.15,0.2,150,77,1.19,2.32,0,0,0
53021,2007,Franklin County,Washington,69757,16.58,7022,32.65,655,45337,142000,30.9,45.3,1.75,49.23,0.55,1.78,0.05,1.15,0.2,165,84,1.2,2.35,1,0,0
53021,2008,Franklin County,Washington,69757,16.58,7297,32.65,655,45337,142000,30.9,45.3,1.75,49.23,0.55,1.78,0.05,1.15,0.2,163,86,1.18,2.23,1,0,0
53021,2009,Franklin County,Washington,69757,16.58,7571,32.65,655,45337,142000,30.9,45.3,1.75,49.23,0.55,1.78,0.05,1.15,0.2,150,76,1,1.98,1,0,0
53023,2000,Garfield County,Washington,2397,14.22,257,26.04,390,33398,68100,23.6,96.12,0,1.96,0.38,0.63,0.04,0.83,0.04,1,1,0.39,0.39,0,0,0
53023,2001,Garfield County,Washington,2397,14.22,257,26.04,390,33398,68100,23.6,96.12,0,1.96,0.38,0.63,0.04,0.83,0.04,3,3,1.17,1.17,0,0,0
53023,2002,Garfield County,Washington,2397,14.22,257,26.04,390,33398,68100,23.6,96.12,0,1.96,0.38,0.63,0.04,0.83,0.04,2,0,0,0.78,0,0,0
53023,2003,Garfield County,Washington,2397,14.22,257,26.04,390,33398,68100,23.6,96.12,0,1.96,0.38,0.63,0.04,0.83,0.04,1,0,0,0.39,0,0,0
53023,2004,Garfield County,Washington,2397,14.22,257,26.04,390,33398,68100,23.6,96.12,0,1.96,0.38,0.63,0.04,0.83,0.04,1,1,0.39,0.39,0,0,0
53023,2005,Garfield County,Washington,2129,12.72,258,28.7,512,40135,113500,29,90.98,0,7.05,0,0.52,0,1.46,0,0,0,0,0,0,0,0
53023,2006,Garfield County,Washington,2129,12.72,258,28.7,512,40135,113500,29,90.98,0,7.05,0,0.52,0,1.46,0,0,0,0,0,0,0,0
53023,2007,Garfield County,Washington,2129,12.72,258,28.7,512,40135,113500,29,90.98,0,7.05,0,0.52,0,1.46,0,1,1,0.39,0.39,0,0,0
53023,2008,Garfield County,Washington,2129,12.72,258,28.7,512,40135,113500,29,90.98,0,7.05,0,0.52,0,1.46,0,0,0,0,0,0,0,0
53023,2009,Garfield County,Washington,2129,12.72,258,28.7,512,40135,113500,29,90.98,0,7.05,0,0.52,0,1.46,0,0,0,0,0,0,0,0
53023,2010,Garfield County,Washington,2266,6.3,258,26.09,670,51325,129400,16.5,92.76,0,4.02,0.22,1.68,0,1.15,0.18,0,0,0,0,0,0,0
53023,2011,Garfield County,Washington,2230,4.43,260,31.79,658,45855,140900,31.3,94.08,0,3.36,0.13,1.21,0,1.21,0,1,1,0.39,0.39,0,0,0
53023,2012,Garfield County,Washington,2230,4.43,261,31.79,658,45855,140900,31.3,94.08,0,3.36,0.13,1.21,0,1.21,0,1,1,0.38,0.38,0,0,0
53023,2013,Garfield County,Washington,2230,4.43,263,31.79,658,45855,140900,31.3,94.08,0,3.36,0.13,1.21,0,1.21,0,2,2,0.76,0.76,0,0,0
53023,2014,Garfield County,Washington,2230,4.43,265,31.79,658,45855,140900,31.3,94.08,0,3.36,0.13,1.21,0,1.21,0,1,1,0.38,0.38,0,0,0
53023,2015,Garfield County,Washington,2230,4.43,266,31.79,658,45855,140900,31.3,94.08,0,3.36,0.13,1.21,0,1.21,0,0,0,0,0,0,0,0
53023,2016,Garfield County,Washington,2230,4.43,268,31.79,658,45855,140900,31.3,94.08,0,3.36,0.13,1.21,0,1.21,0,0,0,0,0,0,0,0
53027,2006,Grays Harbor County,Washington,71117,11.64,8847,33.14,635,41618,151100,27.1,83.58,0.64,7.24,3.83,1.21,0.15,3.15,0.19,246,91,1.03,2.78,1,0,0
53027,2009,Grays Harbor County,Washington,71117,11.64,9114,33.14,635,41618,151100,27.1,83.58,0.64,7.24,3.83,1.21,0.15,3.15,0.19,171,88,0.97,1.88,1,0,0
53027,2010,Grays Harbor County,Washington,72797,12.32,9203,32.2,696,42440,161400,29,81.43,1.05,8.62,4.13,1.37,0.24,3.07,0.1,152,124,1.35,1.65,1,0,0
53027,2012,Grays Harbor County,Washington,71419,11.72,9246,32.21,729,43538,158300,29.8,80.13,1.14,9.6,4.05,1.49,0.35,3.21,0.04,159,136,1.47,1.72,1,0,0
53027,2015,Grays Harbor County,Washington,71419,11.72,9310,32.21,729,43538,158300,29.8,80.13,1.14,9.6,4.05,1.49,0.35,3.21,0.04,232,132,1.42,2.49,1,0,0
53031,2007,Jefferson County,Washington,29223,8.2,3364,23.74,761,46183,296800,32.4,90.35,0.58,2.75,1.95,1.12,0,3.01,0.25,22,16,0.48,0.65,1,0,0
53031,2008,Jefferson County,Washington,29223,8.2,3448,23.74,761,46183,296800,32.4,90.35,0.58,2.75,1.95,1.12,0,3.01,0.25,26,18,0.52,0.75,1,0,0
53031,2013,Jefferson County,Washington,30083,5.98,3716,24.96,845,49279,284500,32.2,88.65,0.79,3.41,2.16,1.63,0.14,3.23,0,38,27,0.73,1.02,1,0,0
53031,2015,Jefferson County,Washington,30083,5.98,3783,24.96,845,49279,284500,32.2,88.65,0.79,3.41,2.16,1.63,0.14,3.23,0,37,23,0.61,0.98,1,0,0
53033,2003,King County,Washington,1737034,8.35,296593,40.16,758,53157,236900,26.1,73.41,5.28,5.48,0.82,10.74,0.5,3.49,0.26,6046,3598,1.21,2.04,1,0,0
53033,2004,King County,Washington,1737034,8.35,300296,40.16,758,53157,236900,26.1,73.41,5.28,5.48,0.82,10.74,0.5,3.49,0.26,6496,3912,1.3,2.16,1,0,0
53033,2005,King County,Washington,1858788,5.89,303999,39.15,965,67246,398600,28.4,68.6,5.73,7.54,0.64,13.04,0.6,3.5,0.33,6815,4344,1.43,2.24,1,0,0
53033,2006,King County,Washington,1858788,5.89,307702,39.15,965,67246,398600,28.4,68.6,5.73,7.54,0.64,13.04,0.6,3.5,0.33,6829,3771,1.23,2.22,1,0,0
53033,2007,King County,Washington,1858788,5.89,311405,39.15,965,67246,398600,28.4,68.6,5.73,7.54,0.64,13.04,0.6,3.5,0.33,6242,3231,1.04,2,1,0,0
53033,2008,King County,Washington,1858788,5.89,315108,39.15,965,67246,398600,28.4,68.6,5.73,7.54,0.64,13.04,0.6,3.5,0.33,5647,2160,0.69,1.79,1,0,0
53033,2010,King County,Washington,1931249,6.76,322514,40.86,1100,71175,388700,29,64.79,6.02,8.93,0.67,14.5,0.73,4.12,0.24,5159,2444,0.76,1.6,1,0,0
53033,2011,King County,Washington,2045756,6.99,328590,42.58,1204,75302,384300,28.8,62.8,6.03,9.28,0.59,15.51,0.77,4.85,0.18,5917,2588,0.79,1.8,1,0,0
53033,2012,King County,Washington,2045756,6.99,334665,42.58,1204,75302,384300,28.8,62.8,6.03,9.28,0.59,15.51,0.77,4.85,0.18,4976,2454,0.73,1.49,1,0,0
53033,2013,King County,Washington,2045756,6.99,340741,42.58,1204,75302,384300,28.8,62.8,6.03,9.28,0.59,15.51,0.77,4.85,0.18,4708,2258,0.66,1.38,1,0,0
53033,2015,King County,Washington,2045756,6.99,352892,42.58,1204,75302,384300,28.8,62.8,6.03,9.28,0.59,15.51,0.77,4.85,0.18,5113,1916,0.54,1.45,1,0,0
53035,2005,Kitsap County,Washington,238825,5.7,29466,30.42,878,59358,278600,29.4,81.78,2.54,4.85,1.26,4.44,0.7,4.3,0.13,582,288,0.98,1.98,1,0,0
53035,2015,Kitsap County,Washington,255441,7.05,32401,32.81,1042,62941,258700,30.8,77.75,2.55,7.09,1.04,4.7,0.72,5.94,0.22,552,297,0.92,1.7,1,0,0
53039,2006,Klickitat County,Washington,20066,13.21,2411,30.56,615,37656,186900,29.6,84.3,0.22,9.24,2.98,0.64,0.44,2.18,0,33,19,0.79,1.37,0,0,0
53039,2007,Klickitat County,Washington,20066,13.21,2424,30.56,615,37656,186900,29.6,84.3,0.22,9.24,2.98,0.64,0.44,2.18,0,29,13,0.54,1.2,0,0,0
53039,2011,Klickitat County,Washington,20820,10.87,2487,31.39,809,48319,200600,31.2,82.3,0.74,11.97,2.77,0.44,0.24,1.55,0,19,15,0.6,0.76,1,0,0
53039,2012,Klickitat County,Washington,20820,10.87,2512,31.39,809,48319,200600,31.2,82.3,0.74,11.97,2.77,0.44,0.24,1.55,0,17,11,0.44,0.68,1,0,0
53041,2006,Lewis County,Washington,73459,9.6,8380,26.52,700,44661,179400,28.5,88.05,0.49,7.55,0.83,0.63,0.01,2.43,0.01,187,99,1.18,2.23,1,0,0
53041,2007,Lewis County,Washington,73459,9.6,8522,26.52,700,44661,179400,28.5,88.05,0.49,7.55,0.83,0.63,0.01,2.43,0.01,199,106,1.24,2.34,1,0,0
53041,2009,Lewis County,Washington,73459,9.6,8807,26.52,700,44661,179400,28.5,88.05,0.49,7.55,0.83,0.63,0.01,2.43,0.01,139,65,0.74,1.58,1,0,0
53041,2014,Lewis County,Washington,75515,10.5,9225,32.62,801,44100,174000,32.3,84.68,0.73,9.47,0.56,1.15,0.01,3.32,0.08,169,110,1.19,1.83,1,0,0
53043,2004,Lincoln County,Washington,10184,12.57,966,23.2,438,35255,83500,24.6,94.58,0.22,1.88,1.49,0.24,0.07,1.45,0.08,11,8,0.83,1.14,0,0,0
53043,2006,Lincoln County,Washington,10243,8.05,968,22.98,574,43665,130400,26.6,92.39,0.27,2.72,2.45,0,0,1.78,0.38,5,5,0.52,0.52,0,0,0
53043,2007,Lincoln County,Washington,10243,8.05,969,22.98,574,43665,130400,26.6,92.39,0.27,2.72,2.45,0,0,1.78,0.38,5,5,0.52,0.52,0,0,0
53043,2008,Lincoln County,Washington,10243,8.05,969,22.98,574,43665,130400,26.6,92.39,0.27,2.72,2.45,0,0,1.78,0.38,3,3,0.31,0.31,0,0,0
53043,2009,Lincoln County,Washington,10243,8.05,970,22.98,574,43665,130400,26.6,92.39,0.27,2.72,2.45,0,0,1.78,0.38,3,3,0.31,0.31,0,0,0
53043,2010,Lincoln County,Washington,10570,9.03,971,21.96,630,45563,154800,27.3,93.58,0.24,2.26,1.53,0.39,0.05,1.91,0.05,1,1,0.1,0.1,0,0,0
53043,2012,Lincoln County,Washington,10363,9.68,985,21.03,644,46069,142500,23.8,92.16,0.24,2.87,0.88,0.67,0.21,2.97,0,5,5,0.51,0.51,0,0,0
53043,2013,Lincoln County,Washington,10363,9.68,992,21.03,644,46069,142500,23.8,92.16,0.24,2.87,0.88,0.67,0.21,2.97,0,3,3,0.3,0.3,0,0,0
53043,2014,Lincoln County,Washington,10363,9.68,999,21.03,644,46069,142500,23.8,92.16,0.24,2.87,0.88,0.67,0.21,2.97,0,1,1,0.1,0.1,0,0,0
53043,2015,Lincoln County,Washington,10363,9.68,1006,21.03,644,46069,142500,23.8,92.16,0.24,2.87,0.88,0.67,0.21,2.97,0,6,6,0.6,0.6,0,0,0
53047,2013,Okanogan County,Washington,41332,15.31,5367,31.85,621,40730,162700,28.7,66.74,0.6,18.88,9,0.86,0.15,3.72,0.05,46,31,0.58,0.86,1,0,0
53047,2015,Okanogan County,Washington,41332,15.31,5466,31.85,621,40730,162700,28.7,66.74,0.6,18.88,9,0.86,0.15,3.72,0.05,38,21,0.38,0.7,1,0,0
53049,2002,Pacific County,Washington,20984,14.39,2346,25.16,483,31209,102700,26.8,87.98,0.17,5.01,2.23,2.07,0.08,2.4,0.06,40,32,1.36,1.71,0,0,0
53049,2003,Pacific County,Washington,20984,14.39,2374,25.16,483,31209,102700,26.8,87.98,0.17,5.01,2.23,2.07,0.08,2.4,0.06,34,21,0.88,1.43,1,0,0
53049,2008,Pacific County,Washington,21341,13.04,2515,26.1,621,39045,160300,30.9,85.83,0.33,6.88,2.07,2.02,0.02,2.78,0.06,18,17,0.68,0.72,1,0,0
53049,2014,Pacific County,Washington,20645,10.23,2590,27.76,703,37684,156200,29.8,83.2,0.28,8.75,1.6,1.89,0.21,4.02,0.05,33,32,1.24,1.27,0,0,0
53049,2015,Pacific County,Washington,20645,10.23,2595,27.76,703,37684,156200,29.8,83.2,0.28,8.75,1.6,1.89,0.21,4.02,0.05,31,16,0.62,1.19,0,0,0
53051,2003,Pend Oreille County,Washington,11732,18.12,1111,22.61,422,31677,101100,26.4,92.23,0.14,2.05,2.76,0.61,0.2,1.87,0.13,16,7,0.63,1.44,0,0,0
53051,2004,Pend Oreille County,Washington,11732,18.12,1131,22.61,422,31677,101100,26.4,92.23,0.14,2.05,2.76,0.61,0.2,1.87,0.13,16,12,1.06,1.41,0,0,0
53051,2006,Pend Oreille County,Washington,12736,13.8,1172,22.05,518,36864,186200,30,91.07,0.18,1.11,4.95,0.95,0.21,1.48,0.04,10,10,0.85,0.85,0,0,0
53051,2007,Pend Oreille County,Washington,12736,13.8,1193,22.05,518,36864,186200,30,91.07,0.18,1.11,4.95,0.95,0.21,1.48,0.04,10,10,0.84,0.84,1,0,0
53051,2009,Pend Oreille County,Washington,12736,13.8,1234,22.05,518,36864,186200,30,91.07,0.18,1.11,4.95,0.95,0.21,1.48,0.04,5,5,0.41,0.41,1,0,0
53051,2011,Pend Oreille County,Washington,12968,17.46,1265,24.59,781,40599,179200,32,89.15,0.19,3.51,3.76,0.21,0.26,2.92,0,6,4,0.32,0.47,1,0,0
53051,2012,Pend Oreille County,Washington,12968,17.46,1276,24.59,781,40599,179200,32,89.15,0.19,3.51,3.76,0.21,0.26,2.92,0,10,10,0.78,0.78,1,0,0
53051,2013,Pend Oreille County,Washington,12968,17.46,1287,24.59,781,40599,179200,32,89.15,0.19,3.51,3.76,0.21,0.26,2.92,0,9,9,0.7,0.7,1,0,0
53051,2014,Pend Oreille County,Washington,12968,17.46,1297,24.59,781,40599,179200,32,89.15,0.19,3.51,3.76,0.21,0.26,2.92,0,8,8,0.62,0.62,1,0,0
53053,2002,Pierce County,Washington,700820,10.49,98325,36.5,624,45204,149600,26.4,76.04,6.76,5.51,1.29,5.01,0.81,4.34,0.24,3117,1789,1.82,3.17,0,0,0
53053,2003,Pierce County,Washington,700820,10.49,99889,36.5,624,45204,149600,26.4,76.04,6.76,5.51,1.29,5.01,0.81,4.34,0.24,3115,1986,1.99,3.12,1,0,0
53053,2004,Pierce County,Washington,700820,10.49,101453,36.5,624,45204,149600,26.4,76.04,6.76,5.51,1.29,5.01,0.81,4.34,0.24,3334,2101,2.07,3.29,0,0,0
53053,2005,Pierce County,Washington,774339,8.13,103017,36.51,865,56773,262400,30,73.38,6.56,7.63,1.12,5.59,0.9,4.63,0.19,3511,2328,2.26,3.41,0,0,0
53053,2006,Pierce County,Washington,774339,8.13,104582,36.51,865,56773,262400,30,73.38,6.56,7.63,1.12,5.59,0.9,4.63,0.19,3637,2143,2.05,3.48,0,0,0
53053,2007,Pierce County,Washington,774339,8.13,106146,36.51,865,56773,262400,30,73.38,6.56,7.63,1.12,5.59,0.9,4.63,0.19,3415,1574,1.48,3.22,1,0,0
53053,2009,Pierce County,Washington,774339,8.13,109274,36.51,865,56773,262400,30,73.38,6.56,7.63,1.12,5.59,0.9,4.63,0.19,2750,1409,1.29,2.52,1,0,0
53053,2010,Pierce County,Washington,795225,8.5,110838,36.96,977,59105,251400,31.2,70.31,6.47,9.16,1.15,5.85,1.28,5.6,0.18,2920,1496,1.35,2.63,1,0,0
53053,2012,Pierce County,Washington,821952,8.93,114067,39.01,1029,59953,232600,31.3,68.83,6.5,9.96,0.97,5.96,1.34,6.3,0.14,3231,1645,1.44,2.83,1,0,0
53053,2013,Pierce County,Washington,821952,8.93,115683,39.01,1029,59953,232600,31.3,68.83,6.5,9.96,0.97,5.96,1.34,6.3,0.14,3266,1659,1.43,2.82,1,0,0
53053,2014,Pierce County,Washington,821952,8.93,117296,39.01,1029,59953,232600,31.3,68.83,6.5,9.96,0.97,5.96,1.34,6.3,0.14,3561,1842,1.57,3.04,1,0,0
53053,2015,Pierce County,Washington,821952,8.93,118911,39.01,1029,59953,232600,31.3,68.83,6.5,9.96,0.97,5.96,1.34,6.3,0.14,3466,1403,1.18,2.91,0,0,0
53055,2002,San Juan County,Washington,14077,9.24,1820,26.48,607,43491,291800,26.7,93.68,0.24,2.4,0.77,0.89,0.08,1.81,0.13,16,13,0.71,0.88,0,0,0
53055,2003,San Juan County,Washington,14077,9.24,1874,26.48,607,43491,291800,26.7,93.68,0.24,2.4,0.77,0.89,0.08,1.81,0.13,12,8,0.43,0.64,1,0,0
53055,2004,San Juan County,Washington,14077,9.24,1928,26.48,607,43491,291800,26.7,93.68,0.24,2.4,0.77,0.89,0.08,1.81,0.13,18,14,0.73,0.93,0,0,0
53055,2005,San Juan County,Washington,15295,6.69,1983,25.64,852,51392,487500,28.9,92.91,0.36,3.25,0.71,1.45,0.38,0.95,0,9,8,0.4,0.45,1,0,0
53055,2009,San Juan County,Washington,15295,6.69,2199,25.64,852,51392,487500,28.9,92.91,0.36,3.25,0.71,1.45,0.38,0.95,0,1,1,0.05,0.05,1,0,0
53055,2012,San Juan County,Washington,15956,7.49,2287,28.55,962,55960,465500,29.8,89.28,0.54,5.85,0.7,1.43,0.14,1.77,0.29,7,7,0.31,0.31,1,0,0
53055,2013,San Juan County,Washington,15956,7.49,2304,28.55,962,55960,465500,29.8,89.28,0.54,5.85,0.7,1.43,0.14,1.77,0.29,6,6,0.26,0.26,1,0,0
53055,2014,San Juan County,Washington,15956,7.49,2321,28.55,962,55960,465500,29.8,89.28,0.54,5.85,0.7,1.43,0.14,1.77,0.29,14,11,0.47,0.6,1,0,0
53055,2015,San Juan County,Washington,15956,7.49,2338,28.55,962,55960,465500,29.8,89.28,0.54,5.85,0.7,1.43,0.14,1.77,0.29,13,11,0.47,0.56,1,0,0
53059,2006,Skamania County,Washington,10666,4.98,1095,23.44,657,46943,225700,26.2,89.15,0.14,5.6,2.26,0.55,0.35,1.58,0.38,4,2,0.18,0.37,1,0,0
53059,2007,Skamania County,Washington,10666,4.98,1114,23.44,657,46943,225700,26.2,89.15,0.14,5.6,2.26,0.55,0.35,1.58,0.38,7,7,0.63,0.63,1,0,0
53059,2008,Skamania County,Washington,10666,4.98,1132,23.44,657,46943,225700,26.2,89.15,0.14,5.6,2.26,0.55,0.35,1.58,0.38,8,7,0.62,0.71,1,0,0
53059,2009,Skamania County,Washington,10666,4.98,1151,23.44,657,46943,225700,26.2,89.15,0.14,5.6,2.26,0.55,0.35,1.58,0.38,11,5,0.43,0.96,0,0,0
53059,2010,Skamania County,Washington,11066,9.63,1170,25.87,660,55319,262200,26.9,89.63,0.4,5,1.36,0.87,0.1,2.59,0.06,5,5,0.43,0.43,1,0,0
53059,2011,Skamania County,Washington,11243,9.68,1182,29.63,716,52374,243000,29,88.33,0.84,5.71,2.07,0.98,0.31,1.54,0.21,10,9,0.76,0.85,1,0,0
53059,2012,Skamania County,Washington,11243,9.68,1194,29.63,716,52374,243000,29,88.33,0.84,5.71,2.07,0.98,0.31,1.54,0.21,7,4,0.33,0.59,1,0,0
53059,2013,Skamania County,Washington,11243,9.68,1207,29.63,716,52374,243000,29,88.33,0.84,5.71,2.07,0.98,0.31,1.54,0.21,11,11,0.91,0.91,1,0,0
53059,2015,Skamania County,Washington,11243,9.68,1231,29.63,716,52374,243000,29,88.33,0.84,5.71,2.07,0.98,0.31,1.54,0.21,13,10,0.81,1.06,0,0,0
53061,2008,Snohomish County,Washington,673709,5.59,85347,31.93,960,64780,330400,29,78.2,2.07,7.03,1.06,7.87,0.32,3.28,0.17,2166,1057,1.24,2.54,1,0,0
53061,2014,Snohomish County,Washington,746653,6.84,95168,34.03,1153,70722,293000,30,72.48,2.46,9.53,0.86,9.44,0.44,4.69,0.1,2053,959,1.01,2.16,1,0,0
53061,2015,Snohomish County,Washington,746653,6.84,96819,34.03,1153,70722,293000,30,72.48,2.46,9.53,0.86,9.44,0.44,4.69,0.1,2126,1470,1.52,2.2,1,0,0
53065,2006,Stevens County,Washington,41733,10.08,3614,20.29,572,41859,168300,27.4,88.24,0.49,2.62,4.96,0.83,0.07,2.71,0.1,14,14,0.39,0.39,1,0,0
53065,2012,Stevens County,Washington,43548,13,3951,24.97,672,41978,172600,31.3,87.23,0.49,3.25,4.77,0.6,0,3.64,0.02,27,15,0.38,0.68,1,0,0
53065,2013,Stevens County,Washington,43548,13,4009,24.97,672,41978,172600,31.3,87.23,0.49,3.25,4.77,0.6,0,3.64,0.02,32,16,0.4,0.8,1,0,0
53067,2004,Thurston County,Washington,207355,8.84,29785,33.39,655,46975,145200,26.5,83.41,2.27,4.53,1.39,4.36,0.5,3.26,0.28,505,260,0.87,1.7,1,0,0
53067,2005,Thurston County,Washington,239248,6.9,30417,31.7,900,59453,248700,30.1,80.88,2.75,5.95,1.36,5.05,0.53,3.22,0.28,532,318,1.05,1.75,1,0,0
53067,2006,Thurston County,Washington,239248,6.9,31050,31.7,900,59453,248700,30.1,80.88,2.75,5.95,1.36,5.05,0.53,3.22,0.28,455,267,0.86,1.47,1,0,0
53069,2006,Wahkiakum County,Washington,3975,2.15,338,25.84,528,39226,195200,30.9,93.21,0,2.77,1.13,0.23,0,2.67,0,1,1,0.3,0.3,0,0,0
53069,2007,Wahkiakum County,Washington,3975,2.15,341,25.84,528,39226,195200,30.9,93.21,0,2.77,1.13,0.23,0,2.67,0,2,1,0.29,0.59,0,0,0
53069,2008,Wahkiakum County,Washington,3975,2.15,345,25.84,528,39226,195200,30.9,93.21,0,2.77,1.13,0.23,0,2.67,0,3,3,0.87,0.87,0,0,0
53069,2009,Wahkiakum County,Washington,3975,2.15,348,25.84,528,39226,195200,30.9,93.21,0,2.77,1.13,0.23,0,2.67,0,2,1,0.29,0.57,0,0,0
53069,2010,Wahkiakum County,Washington,3978,12.77,352,20.26,554,45335,191500,42.9,92.46,0.2,2.71,1.21,0.55,0.15,2.61,0.1,1,1,0.28,0.28,0,0,0
53069,2011,Wahkiakum County,Washington,4035,10.84,356,21.21,653,44485,178400,45.4,89.34,0.12,4.34,1.54,1.14,0,3.52,0,1,1,0.28,0.28,0,0,0
53069,2012,Wahkiakum County,Washington,4035,10.84,360,21.21,653,44485,178400,45.4,89.34,0.12,4.34,1.54,1.14,0,3.52,0,1,1,0.28,0.28,0,0,0
53069,2013,Wahkiakum County,Washington,4035,10.84,365,21.21,653,44485,178400,45.4,89.34,0.12,4.34,1.54,1.14,0,3.52,0,3,1,0.27,0.82,0,0,0
53069,2014,Wahkiakum County,Washington,4035,10.84,369,21.21,653,44485,178400,45.4,89.34,0.12,4.34,1.54,1.14,0,3.52,0,2,2,0.54,0.54,0,0,0
53069,2015,Wahkiakum County,Washington,4035,10.84,373,21.21,653,44485,178400,45.4,89.34,0.12,4.34,1.54,1.14,0,3.52,0,4,3,0.8,1.07,0,0,0
53071,2002,Walla Walla County,Washington,55180,15.06,7055,34.76,487,35900,114300,28.3,78.84,1.57,15.68,0.72,1.09,0.21,1.7,0.19,101,58,0.82,1.43,1,0,0
53071,2005,Walla Walla County,Washington,57795,13.33,7393,37.23,639,44282,182700,30.5,76.22,1.38,18.18,0.82,1.64,0.18,1.42,0.16,110,79,1.07,1.49,1,0,0
53071,2007,Walla Walla County,Washington,57795,13.33,7619,37.23,639,44282,182700,30.5,76.22,1.38,18.18,0.82,1.64,0.18,1.42,0.16,83,68,0.89,1.09,1,0,0
53071,2008,Walla Walla County,Washington,57795,13.33,7731,37.23,639,44282,182700,30.5,76.22,1.38,18.18,0.82,1.64,0.18,1.42,0.16,63,47,0.61,0.81,1,0,0
53071,2009,Walla Walla County,Washington,57795,13.33,7844,37.23,639,44282,182700,30.5,76.22,1.38,18.18,0.82,1.64,0.18,1.42,0.16,73,51,0.65,0.93,1,0,0
53075,2006,Whitman County,Washington,41793,12.09,8922,53.3,635,32403,168500,47.9,83.29,2.09,4.09,0.61,6.98,0.36,2.48,0.1,42,21,0.24,0.47,1,0,0
53075,2010,Whitman County,Washington,44776,13.72,9566,54.76,683,34169,186400,48,82.1,1.61,4.56,0.61,7.7,0.22,3.11,0.09,,,,,0,0,0
53075,2011,Whitman County,Washington,46737,12.12,9736,55.53,695,36631,181800,41.3,80.31,2.12,5.39,0.44,7.53,0.24,3.82,0.16,,,,,0,0,0
53075,2013,Whitman County,Washington,46737,12.12,10075,55.53,695,36631,181800,41.3,80.31,2.12,5.39,0.44,7.53,0.24,3.82,0.16,,,,,0,0,0
53075,2014,Whitman County,Washington,46737,12.12,10244,55.53,695,36631,181800,41.3,80.31,2.12,5.39,0.44,7.53,0.24,3.82,0.16,,,,,0,0,0
53075,2015,Whitman County,Washington,46737,12.12,10414,55.53,695,36631,181800,41.3,80.31,2.12,5.39,0.44,7.53,0.24,3.82,0.16,,,,,0,0,0
