OBJECTID,GEOID10,TRACT,NAME10,ACRES_TOTAL,ACRES_LAND,ACRES_WATER,GEO_TYPE,Total_Population,Population_Not_Hispanic_or_Latino,Population_Hispanic_or_Latino,Pop_Not_Hispanic_White_alone,Pop_Not_Hispanic_Black_or_African_American_alone,Pop_Not_Hispanic_American_Indian_and_Alaska_Native_alone,Pop_Not_Hispanic_Asian_alone,Pop_Not_Hispanic_Native_Hawaiian_and_Oth_Pacific_Islander_alone,Pop_Not_Hispanic_Some_Other_Race_alone,Pop_Not_Hispanic_Two_or_More_Races,Pop_Hispanic_White_alone,Pop_Hispanic_Black_or_African_American_alone,Pop_Hispanic_American_Indian_and_Alaska_Native_alone,Pop_Hispanic_Asian_alone,Pop_Hispanic_Native_Hawaiian_and_Oth_Pacific_Islander_alone,Pop_Hispanic_Some_Other_Race_alone,Pop_Hispanic_Two_or_More_Races,Total_races_tallied,White_alone_or_in_combination,Black_or_African_American_alone_or_in_combination,American_Indian_and_Alaska_Native_alone_or_in_combination,Asian_alone_or_in_combination,Native_Hawaiian_and_Oth_Pacific_Islander_alone_or_combination,Some_Other_Race_alone_or_combination,Population_of_one_race,White_alone,Black_or_African_American_alone,American_Indian_and_Alaska_Native_alone,Asian_alone,Native_Hawaiian_and_Other_Pacific_Islander_alone,Some_Other_Race_alone,Two_or_More_Races,Population_of_two_races,White_Black_or_African_American,White_American_Indian_and_Alaska_Native,White_Asian,White_Native_Hawaiian_and_Other_Pacific_Islander,White_Some_Other_Race,Black_or_African_Amer_Amer_Indian_and_Alaska_Native,Black_or_African_American_Asian,Black_or_African_Amer_Native_Hawaiian_and_Oth_Pacific_Islander,Black_or_African_American_Some_Other_Race,American_Indian_and_Alaska_Native_Asian,Amer_Indian_and_Alaska_Nat_Nat_Hawaiian_and_Oth_Pacific_Islder,American_Indian_and_Alaska_Native_Some_Other_Race,Asian_Native_Hawaiian_and_Other_Pacific_Islander,Asian_Some_Other_Race,Native_Hawaiian_and_Other_Pacific_Islander_Some_Other_Race,Population_of_three_races,White_Black_or_African_Amer_Amer_Indian_and_Alaska_Native,White_Black_or_African_American_Asian,White_Black_or_African_Amer_Nat_Hawaiian_and_Oth_Pacific_Islder,White_Black_or_African_American_Some_Other_Race,White_American_Indian_and_Alaska_Native_Asian,White_Amer_Indian_Alaska_Nat_Nat_Hawaiian_and_Oth_Pacific_Islder,White_American_Indian_and_Alaska_Native_Some_Other_Race,White_Asian_Native_Hawaiian_and_Other_Pacific_Islander,White_Asian_Some_Other_Race,White_Native_Hawaiian_and_Other_Pacific_Islander_Some_Other_Race,Black_American_Indian_and_Alaska_Native_Asian,Black_Amer_Indian_Alaska_Nat_Hawaiian_Othr_Pacific_Isldr,Black_American_Indian_and_Alaska_Native_Some_Other_Race,Black_Asian_Native_Hawaiian_and_Other_Pacific_Islander,Black_or_African_American_Asian_Some_Other_Race,Black__Native_Hawaiian_and_Other_Pacific_Isldr_Some_Other_Race,American_Indian_Alaska_Native_Hawaiian_and_Othr_Pacific_Isldr,American_Indian_and_Alaska_Native_Asian_Some_Other_Race,Amer_Indian_Alska_Nat_Hawaiian_Othr_Pacific_Isldr_Some_Othr_Race,Asian_Native_Hawaiian_Other_Pacific_Islander_Some_Other_Race,Population_of_four_races,White_Black_African_Amer_Amer_Indian_and_Alaska_Native_Asian,White_Black_Amer_Indian_Alaska_Nat_Hawaii_and_Othr_Pacific_Isldr,White_Black_Amer_Indian_and_Alaska_Native_Some_Other_Race,White_Black_Asian_Native_Hawaiian_and_Other_Pacific_Islander,White_Black_or_African_American_Asian_Some_Other_Race,White_Black_Native_Hawaiian_Othr_Pacific_Isldr_Some_Other_Race,White_Amer_Indian_Alska_Nat_Asian_Nat_Hawaii_Othr_Pacific_Isldr,White_American_Indian_and_Alaska_Native_Asian_Some_Other_Race,White_Amer_Indian_Alska_Nat_Hawaii_Othr_Pacific_Islder_Some_Othr,White_Asian_Nat_Hawaiian_Othr_Pacific_Isldr_Some_Other_Race,Black_Amer_Indian_Alaska_Nat_Asian_Nat_Hawaii_Othr_Pacific_Isldr,Black_Amer_Indian_Alaska_Native_Asian_Some_Other_Race,Black_Amer_Indian_Alska_Nat_Hawaii_Othr_Pacific_Isldr_Some_Othr,Black_Asian_Native_Hawaiian_and_Other_Pacific_Isldr_Some_Other,Amer_Indian_Alska_Nat_Asian_Nat_Hawaii_Othr_Pcfc_Isldr_Some_Othr,Population_of_five_races,White_Black_Amer_Indian_Alska_Nat_Asian_Nat_Hawaii_Pcfc_Isldr,White_Black_Amer_Indian_Alaska_Native_Asian_Some_Other,White_Black_Amer_Indian_Alska_Nat_Hawaii_Pcfc_Isldr_Some_Othr,White_Black_Asian_Nat_Hawaiian_Other_Pacific_Isldr_Some_Other,White_Amer_Indn_Alska_Nat_Asian_Nat_Hawaii_Pcfc_Isldr_Some_Othr,Black_Amer_Indn_Alska_Nat_Asian_Nat_Hawaii_Pcfc_Isldr_Some_Othr,Population_of_six_races,White_Black_Amer_Indn_Alska_Nat_Asian_Hawaii_Pcfc_Isldr_Some_Oth,Median_Age,Median_Age_Male,Median_Age_Female,Male,Male_under_5_years,Male_5_to_9_years,Male_10_to_14_years,Male_15_to_17_years,Male_18_and_19_years,Male_20_years,Male_21_years,Male_22_to_24_years,Male_25_to_29_years,Male_30_to_34_years,Male_35_to_39_years,Male_40_to_44_years,Male_45_to_49_years,Male_50_to_54_years,Male_55_to_59_years,Male_60_and_61_years,Male_62_to_64_years,Male_65_and_66_years,Male_67_to_69_years,Male_70_to_74_years,Male_75_to_79_years,Male_80_to_84_years,Male_85_years_and_over,Female,Female_under_5_years,Female_5_to_9_years,Female_10_to_14_years,Female_15_to_17_years,Female_18_and_19_years,Female_20_years,Female_21_years,Female_22_to_24_years,Female_25_to_29_years,Female_30_to_34_years,Female_35_to_39_years,Female_40_to_44_years,Female_45_to_49_years,Female_50_to_54_years,Female_55_to_59_years,Female_60_and_61_years,Female_62_to_64_years,Female_65_and_66_years,Female_67_to_69_years,Female_70_to_74_years,Female_75_to_79_years,Female_80_to_84_years,Female_85_years_and_over,Male_Age_5_to_17,Female_Age_5_to_17,Male_Age_65_and_over,Female_Age_65_and_over,Male_White,Female_White,Male_White_under_5_years,Female_White_under_5_years,Male_White_5_17_years,Female_White_5_17_years,Male_White_65_and_over,Female_White_65_and_over,Male_Person_of_Color,Female_Person_of_Color,Male_Person_of_Color_under_5_years,Female_Person_of_Color_under_5_years,Male_Person_of_Color_5_17_years,Female_Person_of_Color_5_17_years,Male_Person_of_Color_65_and_over,Female_Person_of_Color_65_and_over,Total_Person_of_Color,DIVERSITY_INDEX,POP_UNDER_18
1,53033002500,2500,25,243.219082738109,,,Tract,2802,2682,120,2251,54,9,234,2,13,119,71,4,0,1,0,24,20,2954,2447,89,30,324,8,56,2663,2322,58,9,235,2,37,139,127,15,7,77,5,9,2,3,0,0,0,0,3,0,6,0,11,8,2,0,0,0,0,0,0,1,0,0,0,0,0,0,0,0,0,0,0,1,0,1,0,0,0,0,0,0,0,0,0,0,0,0,0,0,0,0,0,0,0,0,0,0,38.1,37.5,38.6,1339,90,81,63,27,19,5,15,63,128,109,131,110,92,95,112,39,40,24,28,16,12,26,14,1463,84,62,69,45,21,10,18,71,147,122,115,102,107,110,107,46,46,25,34,34,25,26,37,171,176,120,181,1079,1172,59,58,131,127,104,161,260,291,31,26,40,49,16,20,551,34,521
2,53033002600,2600,26,307.584420435526,,,Tract,4660,4449,211,3798,71,11,361,5,10,193,130,0,3,5,0,42,31,4899,4138,109,54,519,16,63,4436,3928,71,14,366,5,52,224,209,24,28,135,1,7,2,1,0,2,0,0,0,7,2,0,15,7,2,0,0,3,0,0,3,0,0,0,0,0,0,0,0,0,0,0,0,0,0,0,0,0,0,0,0,0,0,0,0,0,0,0,0,0,0,0,0,0,0,0,0,0,35.8,34.9,36.7,2371,185,125,94,51,32,21,26,145,276,234,245,225,169,141,127,60,58,46,40,29,15,16,11,2289,164,130,88,55,35,23,24,127,202,220,249,195,158,160,171,48,66,31,36,38,18,28,23,270,273,157,174,1961,1837,145,125,200,205,142,155,410,452,40,39,70,68,15,19,862,33,892
3,53033005600,5600,56,737.511727459185,,,Tract,6382,6216,166,5650,51,8,281,5,21,200,125,2,0,4,0,17,18,6615,5988,80,57,417,19,54,6164,5775,53,8,285,5,38,218,204,22,39,117,7,14,1,0,0,0,0,0,0,3,1,0,13,2,1,0,0,6,0,0,3,1,0,0,0,0,0,0,0,0,0,0,0,1,0,1,0,0,0,0,0,0,0,0,0,0,0,0,0,0,0,0,0,0,0,0,0,0,46.5,45.7,47.3,3150,201,217,196,118,33,23,24,69,73,106,198,278,253,286,283,105,169,95,103,116,86,59,59,3232,187,231,206,90,29,10,10,48,72,121,202,295,277,297,332,125,165,78,99,125,82,68,83,531,527,518,535,2804,2846,164,156,449,455,497,495,346,386,37,31,82,72,21,40,732,21,1446
4,53033006800,6800,68,177.438770749627,,,Tract,2834,2697,137,2426,15,9,144,2,0,101,95,0,0,1,0,22,19,2960,2639,21,34,226,4,36,2714,2521,15,9,145,2,22,120,114,5,18,78,2,9,0,0,0,0,1,0,1,0,0,0,6,1,0,0,0,1,0,3,0,1,0,0,0,0,0,0,0,0,0,0,0,0,0,0,0,0,0,0,0,0,0,0,0,0,0,0,0,0,0,0,0,0,0,0,0,0,38,37.6,38.3,1373,96,104,67,29,14,10,9,54,128,107,121,162,105,98,86,33,44,15,26,21,17,12,15,1461,98,93,57,22,17,7,12,73,155,115,133,131,108,100,98,29,55,22,26,35,25,20,30,200,172,106,158,1184,1242,79,79,164,141,96,146,189,219,17,19,36,31,10,12,408,26,566
5,53033006000,6000,60,324.567431667441,,,Tract,5150,4959,191,4299,102,41,307,19,7,184,125,6,3,2,0,35,20,5366,4608,137,84,443,41,53,4946,4424,108,44,309,19,42,204,194,21,32,109,6,8,0,4,0,0,0,0,1,11,2,0,8,2,1,0,0,1,0,0,2,0,0,0,0,0,0,0,0,2,0,0,0,2,1,0,0,0,0,0,1,0,0,0,0,0,0,0,0,0,0,0,0,0,0,0,0,0,35.6,36.1,35.2,2477,144,105,67,30,24,37,59,144,298,286,202,229,148,142,148,47,98,47,41,58,42,31,50,2673,117,77,70,35,32,71,123,216,333,249,206,173,143,161,175,46,90,49,53,65,42,44,103,202,182,269,356,2098,2201,111,87,156,135,245,321,379,472,33,30,46,47,24,35,851,30,645
6,53033005900,5900,59,447.919507922442,,,Tract,6836,6551,285,5705,130,31,391,5,6,283,170,4,7,7,3,54,40,7190,6180,199,118,592,25,76,6513,5875,134,38,398,8,60,323,293,35,55,165,7,13,5,6,0,1,1,0,0,4,1,0,29,11,6,0,0,6,1,1,4,0,0,0,0,0,0,0,0,0,0,0,0,1,0,0,0,1,0,0,0,0,0,0,0,0,0,0,0,0,0,0,0,0,0,0,0,0,29,31.8,26.6,3115,145,116,95,49,258,164,104,209,312,262,219,239,191,186,178,59,107,53,49,43,33,23,21,3721,147,153,74,74,634,277,158,231,321,261,218,211,205,172,180,73,92,39,43,57,37,30,34,260,301,222,240,2633,3072,112,115,199,224,205,222,482,649,33,32,61,77,17,18,1131,30,853
7,53033005700,5700,57,1229.15600247897,,,Tract,6001,5784,217,4972,87,25,446,13,12,229,138,3,6,5,0,37,28,6292,5354,143,83,601,46,65,5744,5110,90,31,451,13,49,257,226,36,37,113,13,15,1,3,1,1,2,0,0,4,0,0,29,3,5,0,0,6,0,0,14,0,0,1,0,0,0,0,0,0,0,0,0,1,1,0,0,0,0,0,0,0,0,0,0,0,0,0,0,1,1,0,0,0,0,0,0,0,42.5,42.1,42.9,2910,181,168,169,74,37,13,18,62,165,205,242,273,228,261,244,86,109,62,68,93,51,58,43,3091,195,164,173,85,19,12,16,60,185,221,262,264,230,272,259,96,116,73,69,79,77,79,85,411,422,375,462,2424,2548,133,145,316,320,336,398,486,543,48,50,95,102,39,64,1029,31,1209
8,53033004900,4900,49,270.632790410409,,,Tract,6139,5880,259,5087,115,36,351,12,17,262,160,5,1,10,0,43,40,6466,5532,181,107,528,34,84,5837,5247,120,37,361,12,60,302,279,40,55,145,6,17,3,3,1,2,0,0,0,3,2,2,22,8,2,0,0,3,0,0,8,0,0,0,0,0,0,0,1,0,0,0,0,0,0,0,0,0,0,0,0,0,0,0,0,0,0,0,0,1,1,0,0,0,0,0,0,0,32.1,32.7,31.5,3031,110,49,38,19,23,16,27,239,658,528,364,237,181,137,145,52,60,31,26,22,24,22,23,3108,98,52,52,35,19,13,29,321,774,477,300,173,143,129,157,45,56,30,29,31,40,34,71,106,139,148,235,2558,2529,83,63,71,97,142,206,473,579,27,35,35,42,6,29,1052,31,453
9,53033005801,5801,58.01,449.984145022597,,,Tract,4743,4464,279,3764,116,38,318,17,14,197,176,7,3,3,0,56,34,4991,4148,164,104,445,32,98,4512,3940,123,41,321,17,70,231,214,25,49,93,5,19,1,6,0,1,2,0,0,6,7,0,17,6,1,0,1,5,0,0,4,0,0,0,0,0,0,0,0,0,0,0,0,0,0,0,0,0,0,0,0,0,0,0,0,0,0,0,0,0,0,0,0,0,0,0,0,0,35.8,35.6,36,2278,109,76,76,46,23,18,20,138,328,278,221,207,166,139,141,40,67,32,28,44,28,32,21,2465,105,90,75,42,26,36,42,180,311,275,226,163,185,150,145,46,72,37,43,58,48,52,58,198,207,185,296,1807,1957,72,70,146,145,161,261,471,508,37,35,52,62,24,35,979,36,619
10,53033004800,4800,48,330.282246930375,,,Tract,4539,4360,179,3814,87,28,240,2,10,179,117,2,3,2,0,31,24,4757,4121,131,98,342,11,54,4336,3931,89,31,242,2,41,203,191,32,54,80,2,10,2,2,0,1,2,0,1,4,1,0,10,1,2,0,0,5,0,0,2,0,0,0,0,0,0,0,0,0,0,0,0,1,1,0,0,0,0,0,0,0,0,0,0,0,0,0,0,1,1,0,0,0,0,0,0,0,36.3,36.3,36.4,2253,145,86,71,36,24,18,26,88,274,287,278,205,164,145,167,48,76,24,20,26,21,4,20,2286,132,85,65,35,12,13,14,98,325,294,241,209,178,149,182,49,51,25,18,32,19,26,34,193,185,115,154,1913,1901,116,101,140,135,96,136,340,385,29,31,53,50,19,18,725,29,655
11,53033004700,4700,47,490.845743137617,,,Tract,6739,6349,390,5467,190,54,365,13,16,244,234,13,5,10,0,96,32,7034,5943,267,119,523,35,147,6463,5701,203,59,375,13,112,276,257,36,42,117,11,17,2,7,1,7,3,0,0,7,6,1,19,10,0,0,1,3,0,0,2,3,0,0,0,0,0,0,0,0,0,0,0,0,0,0,0,0,0,0,0,0,0,0,0,0,0,0,0,0,0,0,0,0,0,0,0,0,34,34.5,33.5,3343,120,60,38,38,23,12,16,201,660,552,395,299,191,181,176,46,73,42,39,50,51,37,43,3396,113,42,54,25,24,14,19,287,709,537,309,212,161,163,164,61,99,39,51,87,73,50,103,136,121,262,403,2705,2762,77,78,81,69,240,373,638,634,43,35,55,52,22,30,1272,33,490
12,53033003200,3200,32,510.293458551426,,,Tract,7683,7389,294,6693,99,38,279,12,13,255,187,5,3,5,0,63,31,7998,7149,177,113,434,28,97,7397,6880,104,41,284,12,76,286,260,39,53,132,6,13,3,4,2,3,0,0,0,1,3,1,23,11,5,3,0,3,0,1,0,0,0,0,0,0,0,0,0,0,0,0,0,3,0,1,0,2,0,0,0,0,0,0,0,0,0,0,0,0,0,0,0,0,0,0,0,0,39.6,40.1,39.1,3757,210,160,101,51,39,17,17,101,378,415,384,360,246,285,272,118,147,86,101,86,75,47,61,3926,175,182,128,83,35,18,20,141,408,459,389,315,267,275,281,108,139,87,75,92,93,70,86,312,393,456,503,3292,3401,173,139,239,326,416,461,465,525,37,36,73,67,40,42,990,24,1090
13,53033003500,3500,35,317.452448388885,,,Tract,3936,3788,148,3431,56,18,137,3,13,130,89,3,3,2,0,41,10,4097,3653,93,58,219,12,62,3796,3520,59,21,139,3,54,140,121,18,23,64,4,5,0,4,0,0,1,0,0,1,1,0,17,7,2,0,1,3,1,0,3,0,0,0,0,0,0,0,0,0,0,0,0,2,1,0,1,0,0,0,0,0,0,0,0,0,0,0,0,0,0,0,0,0,0,0,0,0,40.6,40.2,41.1,1917,92,94,72,37,17,9,8,57,207,185,169,187,142,174,179,53,66,34,34,32,18,18,33,2019,83,94,61,45,21,2,11,79,215,185,176,148,151,162,173,72,70,32,37,42,26,38,96,203,200,169,271,1659,1772,80,71,164,160,160,249,258,247,12,12,39,40,9,22,505,24,578
14,53033003400,3400,34,194.497751670009,,,Tract,3302,3159,143,2863,39,20,124,3,6,104,98,0,3,3,0,22,17,3437,3079,59,57,189,13,40,3181,2961,39,23,127,3,28,121,110,16,28,54,4,5,0,0,0,0,0,0,0,2,1,0,8,0,0,0,3,0,0,3,2,0,0,0,0,0,0,0,0,0,0,0,0,3,1,0,0,0,0,0,2,0,0,0,0,0,0,0,0,0,0,0,0,0,0,0,0,0,37,36,37.7,1617,123,92,75,36,16,12,4,47,156,203,172,152,129,109,121,36,37,25,23,12,21,7,9,1685,79,80,84,31,24,13,11,61,171,180,200,161,119,121,141,44,45,26,24,29,14,13,14,203,195,97,120,1417,1446,91,66,165,156,88,112,200,239,32,13,38,39,9,8,439,24,600
15,53033003300,3300,33,320.320495185135,,,Tract,6224,5919,305,5145,104,50,317,19,23,261,170,3,7,7,0,74,44,6559,5594,184,159,467,40,115,5919,5315,107,57,324,19,97,305,276,46,78,110,4,12,3,10,0,3,5,0,2,2,1,0,28,12,1,2,0,1,0,0,12,0,0,0,0,0,0,0,0,0,0,0,0,1,0,0,0,0,0,0,1,0,0,0,0,0,0,0,0,0,0,0,0,0,0,0,0,0,34.7,34.7,34.8,3089,221,133,92,50,26,27,22,120,409,466,364,315,199,171,191,48,80,34,31,39,20,21,10,3135,182,118,88,49,29,10,29,158,468,457,320,305,191,192,194,71,81,28,25,36,31,37,36,275,255,155,193,2555,2590,156,134,203,188,133,168,534,545,65,48,72,67,22,25,1079,31,933
16,53033002800,2800,28,242.985395870599,,,Tract,4481,4251,230,3703,56,21,243,11,8,209,136,2,5,3,0,56,28,4755,4065,98,76,400,37,79,4244,3839,58,26,246,11,64,237,211,24,35,125,6,11,2,2,0,2,1,0,0,3,0,0,18,2,3,0,0,3,1,0,7,1,0,0,0,0,1,0,0,0,0,0,0,5,0,0,0,1,0,0,3,0,0,1,0,0,0,0,0,3,3,0,0,0,0,0,0,0,35.6,35.4,35.9,2210,181,90,58,32,17,9,15,91,289,299,277,237,144,130,122,48,66,26,29,20,11,14,5,2271,146,105,75,29,12,7,12,121,284,304,248,222,140,143,137,56,74,37,23,30,22,24,20,180,209,105,156,1814,1889,141,111,127,156,92,140,396,382,40,35,53,53,13,16,778,31,716
17,53033002900,2900,29,243.681675213338,,,Tract,4177,3976,201,3598,26,14,175,5,19,139,103,1,4,1,1,70,21,4351,3853,54,55,273,15,101,4017,3701,27,18,176,6,89,160,146,16,30,77,3,12,1,3,0,0,2,0,0,2,0,0,14,0,7,0,0,3,1,0,3,0,0,0,0,0,0,0,0,0,0,0,0,0,0,0,0,0,0,0,0,0,0,0,0,0,0,0,0,0,0,0,0,0,0,0,0,0,38.6,39.1,38,1995,146,109,64,42,26,8,6,77,144,195,229,262,162,170,144,53,57,17,18,16,21,15,14,2182,175,112,87,61,14,14,13,58,182,215,246,238,174,158,162,56,60,31,22,32,25,21,26,215,260,101,157,1751,1847,117,133,176,214,91,141,244,335,29,42,39,46,10,16,579,25,796
18,53033003000,3000,30,368.967447405112,,,Tract,5637,5300,337,4780,72,21,226,9,16,176,188,4,5,2,0,84,54,5885,5183,113,75,355,19,140,5407,4968,76,26,228,9,100,230,212,22,34,111,5,28,1,4,0,2,3,1,1,0,0,0,18,3,2,2,0,0,2,2,0,4,0,0,0,0,0,1,0,0,2,0,0,0,0,0,0,0,0,0,0,0,0,0,0,0,0,0,0,0,0,0,0,0,0,0,0,0,38.3,37.7,38.9,2753,235,176,131,57,29,20,25,91,184,269,311,302,207,218,202,63,77,37,36,26,25,11,21,2884,191,205,112,56,38,17,21,87,203,271,307,309,224,235,224,71,84,27,37,34,35,30,66,364,373,156,229,2336,2444,183,153,290,291,135,201,417,440,52,38,74,82,21,28,857,27,1163
19,53033003100,3100,31,530.703145556588,,,Tract,6219,5964,255,5420,53,27,237,6,13,208,166,5,2,2,0,36,44,6501,5819,103,94,373,28,84,5967,5586,58,29,239,6,49,252,224,33,41,106,1,24,0,3,0,0,1,2,3,8,2,0,26,7,0,0,0,4,4,1,5,5,0,0,0,0,0,0,0,0,0,0,0,2,0,2,0,0,0,0,0,0,0,0,0,0,0,0,0,0,0,0,0,0,0,0,0,0,40.9,40.3,41.5,3037,238,206,133,85,52,14,16,59,157,219,311,333,268,222,267,80,114,53,49,44,38,42,37,3182,216,181,140,78,40,11,16,55,166,261,325,333,253,288,277,90,109,47,59,62,64,49,62,424,399,263,343,2659,2761,194,173,341,318,244,317,378,421,44,43,83,81,19,26,799,24,1277
20,53033001701,1701,17.01,220.593455690668,,,Tract,3818,3504,314,2591,222,39,430,21,11,190,172,5,9,1,1,95,31,4067,2953,279,109,546,38,142,3597,2763,227,48,431,22,106,221,197,32,42,72,3,18,1,2,0,2,1,0,0,8,16,0,21,8,4,0,0,6,0,0,3,0,0,0,0,0,0,0,0,0,0,0,0,2,1,0,0,0,0,0,0,0,0,0,1,0,0,0,0,1,1,0,0,0,0,0,0,0,34.1,34.4,33.8,1869,103,78,70,43,25,15,17,78,280,251,215,177,124,103,104,38,42,27,22,23,15,7,12,1949,107,80,54,35,31,17,19,112,298,277,202,138,121,111,127,38,34,25,29,31,19,22,22,191,169,106,148,1261,1330,57,63,81,79,75,102,608,619,46,44,110,90,31,46,1227,51,570
21,53033001702,1702,17.02,316.329145900013,,,Tract,4234,3929,305,3086,173,43,412,13,17,185,181,2,12,7,0,83,20,4455,3445,245,113,508,20,124,4029,3267,175,55,419,13,100,205,190,39,34,77,4,9,5,6,0,10,3,0,2,1,0,0,14,9,0,0,0,1,1,2,1,0,0,0,0,0,0,0,0,0,0,0,0,1,0,0,1,0,0,0,0,0,0,0,0,0,0,0,0,0,0,0,0,0,0,0,0,0,37.6,37.1,38.2,2117,104,79,78,55,42,16,22,105,228,228,224,190,147,156,145,45,55,29,36,42,31,34,26,2117,107,66,75,46,35,25,21,100,236,221,182,167,148,153,144,55,57,25,47,48,47,39,73,212,187,198,279,1539,1547,70,67,114,104,159,216,578,570,34,40,98,83,39,63,1148,45,610
22,53033001600,1600,16,476.748370067098,,,Tract,4131,3932,199,3439,74,22,241,3,8,145,103,2,7,3,0,62,22,4320,3690,119,66,339,16,90,3964,3542,76,29,244,3,70,167,146,27,24,69,4,3,3,3,0,1,1,0,0,0,8,3,20,4,5,0,0,1,0,3,6,1,0,0,0,0,0,0,0,0,0,0,0,1,0,0,0,0,0,0,0,1,0,0,0,0,0,0,0,0,0,0,0,0,0,0,0,0,44,42.8,45.2,2005,113,124,138,76,40,19,10,51,96,114,131,170,152,169,166,73,75,48,50,60,51,37,42,2126,102,117,126,67,24,14,10,46,103,115,165,168,162,182,210,66,78,54,55,68,62,54,78,338,310,288,371,1668,1771,77,70,267,241,271,346,337,355,36,32,71,69,17,25,692,30,863
23,53033001500,1500,15,283.173184152124,,,Tract,2454,2380,74,2205,14,10,73,1,4,73,44,0,1,2,0,8,19,2555,2337,29,35,130,5,19,2362,2249,14,11,75,1,12,92,83,9,18,46,1,5,0,2,0,1,0,0,0,0,1,0,9,3,0,0,0,3,0,0,3,0,0,0,0,0,0,0,0,0,0,0,0,0,0,0,0,0,0,0,0,0,0,0,0,0,0,0,0,0,0,0,0,0,0,0,0,0,45.5,45.2,45.8,1195,74,67,65,31,23,7,4,19,55,63,76,108,108,116,122,37,61,31,31,35,24,16,22,1259,79,75,48,33,11,2,9,25,56,66,89,115,117,123,117,47,55,30,36,39,24,27,36,163,156,159,192,1078,1127,66,63,135,132,152,180,117,132,8,16,28,24,7,12,249,19,472
24,53033000200,200,2,812.007948748386,,,Tract,7646,7130,516,4838,494,42,1313,34,21,388,255,19,12,12,1,172,45,8134,5480,659,150,1554,56,235,7213,5093,513,54,1325,35,193,433,385,81,55,175,2,26,12,12,4,3,2,0,5,4,4,0,41,11,16,1,1,3,1,0,7,1,0,0,0,0,0,0,0,0,0,0,0,7,3,0,2,0,0,0,2,0,0,0,0,0,0,0,0,0,0,0,0,0,0,0,0,0,38.8,37.3,40.3,3717,208,156,150,114,70,55,46,178,375,360,310,289,245,291,242,102,114,55,78,81,66,74,58,3929,215,163,139,85,66,45,59,187,353,335,297,285,254,279,294,91,130,66,94,122,125,116,129,420,387,412,652,2382,2456,122,89,184,157,322,527,1335,1473,86,126,236,230,90,125,2808,56,1230
25,53033002700,2700,27,393.805008678236,,,Tract,5289,5049,240,4349,65,16,384,5,10,220,161,4,3,2,0,40,30,5562,4739,116,71,549,18,69,5039,4510,69,19,386,5,50,250,229,29,32,135,5,8,0,5,0,0,2,0,6,5,2,0,19,5,6,0,0,4,0,0,2,1,0,0,0,0,0,0,0,0,0,1,0,2,1,0,1,0,0,0,0,0,0,0,0,0,0,0,0,0,0,0,0,0,0,0,0,0,35.7,35,36.2,2688,191,107,92,62,29,9,23,180,383,266,265,204,211,170,172,52,78,40,38,49,31,19,17,2601,149,109,96,49,22,16,25,171,348,245,242,202,189,149,177,75,79,37,34,55,42,49,41,261,254,194,258,2238,2111,149,109,191,180,180,222,450,490,42,40,70,74,14,36,940,31,855
26,53033002200,2200,22,683.242151028253,,,Tract,5286,5097,189,4263,72,11,541,5,16,189,119,0,0,8,0,40,22,5508,4577,111,47,685,19,69,5075,4382,72,11,549,5,56,211,200,32,27,114,2,10,1,0,0,0,4,0,0,7,3,0,11,3,2,0,0,1,0,0,4,0,0,0,0,0,1,0,0,0,0,0,0,0,0,0,0,0,0,0,0,0,0,0,0,0,0,0,0,0,0,0,0,0,0,0,0,0,45.4,44.5,46.2,2545,113,175,172,102,40,17,19,64,104,143,171,170,196,208,239,81,114,44,74,90,75,68,66,2741,133,149,164,122,43,13,18,51,116,137,177,202,194,258,242,82,113,61,81,118,84,91,92,449,435,417,527,2072,2191,83,102,340,315,358,448,473,550,30,31,109,120,59,79,1023,34,1130
27,53033002400,2400,24,241.679564874243,,,Tract,2972,2881,91,2432,28,7,273,5,1,135,53,3,1,0,1,17,16,3137,2630,51,38,375,16,27,2821,2485,31,8,273,6,18,151,137,13,20,85,5,8,1,1,0,0,3,0,0,0,1,0,14,2,3,0,0,4,0,0,5,0,0,0,0,0,0,0,0,0,0,0,0,0,0,0,0,0,0,0,0,0,0,0,0,0,0,0,0,0,0,0,0,0,0,0,0,0,39.4,38.6,40.1,1392,84,105,88,26,26,10,17,61,81,103,129,136,99,102,84,40,43,26,27,26,29,19,31,1580,124,102,86,45,19,13,10,59,110,104,115,133,113,114,123,40,75,19,33,33,36,34,40,219,233,158,195,1134,1298,58,93,170,185,139,170,258,282,26,31,49,48,19,25,540,32,660
28,53033002000,2000,20,279.698173604389,,,Tract,3406,3260,146,2701,75,18,283,4,10,169,84,2,5,0,0,33,22,3608,2964,119,72,385,10,58,3215,2785,77,23,283,4,43,191,180,31,38,86,4,10,1,3,0,0,1,0,1,2,3,0,11,4,2,0,0,3,0,0,0,1,0,1,0,0,0,0,0,0,0,0,0,0,0,0,0,0,0,0,0,0,0,0,0,0,0,0,0,0,0,0,0,0,0,0,0,0,37.9,37.7,38.1,1614,110,82,59,33,14,6,18,62,166,171,168,152,140,106,115,37,40,16,21,26,28,19,25,1792,124,77,63,38,25,10,28,95,161,173,170,152,145,119,103,30,52,23,36,26,47,33,62,174,178,135,227,1299,1402,86,85,129,124,113,191,315,390,24,39,45,54,22,36,705,36,586
29,53033002100,2100,21,337.391040977055,,,Tract,3807,3580,227,2932,77,26,395,2,5,143,102,12,22,5,0,67,19,3987,3187,131,83,494,9,83,3645,3034,89,48,400,2,72,162,144,22,24,82,3,4,1,3,0,2,0,0,0,1,2,0,18,9,2,0,3,1,0,0,3,0,0,0,0,0,0,0,0,0,0,0,0,0,0,0,0,0,0,0,0,0,0,0,0,0,0,0,0,0,0,0,0,0,0,0,0,0,38.4,37.2,39.4,1899,138,106,86,53,25,17,25,80,164,172,172,159,149,154,120,46,66,24,27,43,22,28,23,1908,112,92,83,48,30,10,18,92,186,151,154,152,119,150,140,54,71,31,40,43,46,37,49,245,223,167,246,1501,1431,99,77,180,147,141,209,398,477,39,35,65,76,26,37,875,39,718
30,53033001900,1900,19,410.970984967647,,,Tract,4157,3933,224,3001,125,23,551,11,8,214,120,5,6,3,0,55,35,4425,3338,197,84,688,31,87,3908,3121,130,29,554,11,63,249,231,43,29,106,2,19,8,2,0,2,4,0,0,14,2,0,17,11,0,0,0,1,0,1,4,0,0,0,0,0,0,0,0,0,0,0,0,1,1,0,0,0,0,0,0,0,0,0,0,0,0,0,0,0,0,0,0,0,0,0,0,0,35.3,34.5,35.9,2055,123,84,78,49,50,25,25,141,256,215,188,164,124,131,137,50,52,28,24,27,34,17,33,2102,128,115,63,38,31,14,26,131,236,220,204,169,119,123,143,59,62,13,41,44,38,41,44,211,216,163,221,1510,1491,88,78,134,139,137,187,545,611,35,50,77,77,26,34,1156,45,678
31,53033001800,1800,18,232.997856085043,,,Tract,4535,4224,311,3074,251,32,599,6,16,246,147,8,5,9,0,104,38,4844,3482,326,93,766,21,156,4251,3221,259,37,608,6,120,284,261,50,35,121,4,28,2,5,0,2,4,0,0,5,5,0,21,4,2,0,0,8,0,1,6,0,0,0,0,0,0,0,0,0,0,0,0,2,2,0,0,0,0,0,0,0,0,0,0,0,0,0,0,0,0,0,0,0,0,0,0,0,31.3,31.1,31.4,2295,124,70,50,39,57,31,32,190,454,398,260,158,120,86,96,32,17,19,20,12,15,8,7,2240,125,80,62,35,39,21,30,188,424,366,237,152,107,110,92,22,41,13,18,32,15,15,16,159,177,81,109,1532,1542,65,75,75,75,69,86,763,698,59,50,84,102,12,23,1461,51,585
32,53033000900,900,9,234.723532076551,,,Tract,2019,1946,73,1633,16,10,196,3,9,79,50,0,1,0,0,11,11,2110,1765,27,21,256,9,32,1929,1683,16,11,196,3,20,90,89,8,10,52,5,6,0,2,0,0,0,0,0,1,5,0,1,0,0,0,1,0,0,0,0,0,0,0,0,0,0,0,0,0,0,0,0,0,0,0,0,0,0,0,0,0,0,0,0,0,0,0,0,0,0,0,0,0,0,0,0,0,48.6,48.7,48.5,969,41,41,51,31,14,6,8,37,43,43,57,60,72,90,125,51,42,30,26,29,32,19,21,1050,62,54,45,37,18,9,10,26,43,41,59,65,83,98,118,50,53,24,31,38,27,20,39,123,136,157,179,787,846,28,47,97,99,132,159,182,204,13,15,26,37,25,20,386,33,362
33,53033001300,1300,13,292.551184223468,,,Tract,4340,3826,514,2566,296,31,682,17,10,224,212,11,14,5,0,239,33,4628,3002,379,148,792,36,271,4083,2778,307,45,687,17,249,257,232,42,79,67,3,10,4,6,0,6,5,0,0,9,1,0,19,5,1,0,2,7,0,0,2,0,0,0,0,0,0,0,0,0,0,0,2,6,3,0,0,2,0,1,0,0,0,0,0,0,0,0,0,0,0,0,0,0,0,0,0,0,33.9,34.2,33.7,2196,97,71,53,37,44,26,29,163,354,259,276,153,150,137,119,39,42,25,22,45,20,22,13,2144,132,66,60,36,28,36,39,150,318,274,191,137,118,128,111,46,60,22,41,44,45,36,26,161,162,147,214,1297,1269,47,48,47,63,94,137,899,875,50,84,114,99,53,77,1774,60,552
34,53033001100,1100,11,262.017747482577,,,Tract,2503,2325,178,1784,111,23,299,2,6,100,103,1,3,2,0,48,21,2636,1989,144,60,358,16,69,2382,1887,112,26,301,2,54,121,112,19,26,36,1,11,0,7,3,1,2,0,1,3,2,0,6,2,0,0,0,0,0,0,4,0,0,0,0,0,0,0,0,0,0,0,0,3,0,0,0,0,0,0,3,0,0,0,0,0,0,0,0,0,0,0,0,0,0,0,0,0,39.6,39.2,39.9,1272,56,62,45,47,22,12,17,50,139,99,109,109,101,118,97,28,45,18,21,24,18,18,17,1231,65,56,48,42,23,17,13,63,89,104,98,90,86,110,93,28,50,23,15,26,27,25,40,154,146,116,156,896,888,34,43,93,95,92,136,376,343,22,22,61,51,24,20,719,47,421
35,53033001000,1000,10,235.835665391102,,,Tract,1941,1833,108,1271,198,13,260,3,1,87,45,4,10,0,0,27,22,2069,1410,241,61,313,14,30,1832,1316,202,23,260,3,28,109,90,21,18,35,0,1,4,2,2,0,1,0,1,5,0,0,19,9,1,0,0,5,0,0,4,0,0,0,0,0,0,0,0,0,0,0,0,0,0,0,0,0,0,0,0,0,0,0,0,0,0,0,0,0,0,0,0,0,0,0,0,0,36.1,34.2,37.8,956,80,63,69,35,21,9,7,47,83,72,63,75,77,64,68,28,27,9,14,12,10,9,14,985,63,65,57,32,16,8,10,44,74,84,74,75,70,58,84,27,40,16,12,17,19,17,23,167,154,68,104,619,652,44,41,97,70,58,85,337,333,36,22,70,84,10,19,670,54,464
36,53033001200,1200,12,453.172238740458,,,Tract,6494,5825,669,3724,556,78,1044,68,22,333,284,14,17,12,0,272,70,6949,4352,697,211,1227,105,357,6091,4008,570,95,1056,68,294,403,352,74,65,119,7,30,7,7,1,13,2,2,3,13,6,3,50,17,2,3,2,14,2,1,3,3,1,0,0,0,0,0,0,2,0,0,0,1,0,0,1,0,0,0,0,0,0,0,0,0,0,0,0,0,0,0,0,0,0,0,0,0,33.9,32.4,35.9,3117,188,118,106,51,85,62,67,252,437,369,242,212,195,164,135,68,67,38,39,56,36,45,85,3377,175,112,102,78,87,70,62,240,417,300,214,189,174,176,186,55,92,52,62,74,74,86,300,275,292,299,648,1740,1984,74,67,109,95,231,559,1377,1393,114,108,166,197,68,89,2770,62,930
37,53033000800,800,8,282.073070614677,,,Tract,2583,2480,103,1931,81,17,287,14,10,140,65,3,1,2,0,22,10,2758,2131,139,57,365,27,39,2433,1996,84,18,289,14,32,150,131,31,22,58,2,3,4,3,1,3,2,0,0,1,0,1,14,5,1,2,0,1,0,0,5,0,0,0,0,0,0,0,0,0,0,0,0,4,4,0,0,0,0,0,0,0,0,0,0,0,0,0,0,1,1,0,0,0,0,0,0,0,41.8,39.9,43.4,1267,99,82,65,34,31,14,13,47,77,77,96,97,104,87,101,41,48,18,24,33,28,27,24,1316,87,70,58,31,18,9,5,38,76,101,93,100,103,107,116,48,65,31,22,34,31,25,48,181,159,154,191,956,975,61,64,113,90,134,162,311,341,38,23,68,69,20,29,652,42,526
38,53033000600,600,6,948.313185946111,,,Tract,7626,6986,640,4582,519,59,1393,20,32,381,263,19,5,10,3,263,77,8141,5237,687,166,1617,66,368,7168,4845,538,64,1403,23,295,458,406,88,57,153,8,39,9,11,4,4,8,0,3,6,7,9,47,14,6,2,4,5,0,0,10,1,0,1,0,1,1,2,0,0,0,0,0,5,0,2,0,0,0,0,0,2,0,1,0,0,0,0,0,0,0,0,0,0,0,0,0,0,36.1,35.2,37.5,3727,250,155,148,113,94,60,76,207,402,347,326,234,249,251,202,84,111,61,71,91,78,58,59,3899,241,184,139,95,94,43,59,205,388,369,264,245,242,270,271,91,113,67,66,104,78,110,161,416,418,418,586,2255,2327,132,115,183,181,330,482,1472,1572,118,126,233,237,88,104,3044,59,1325
39,53033000700,700,7,319.8986037434,,,Tract,4438,3974,464,2618,382,37,714,18,4,201,211,11,24,6,0,153,59,4734,3048,471,143,835,44,193,4178,2829,393,61,720,18,157,260,225,33,44,84,5,21,9,6,4,1,3,0,0,3,4,8,34,18,5,0,0,4,0,0,3,1,0,0,1,0,0,0,0,2,0,0,0,1,0,0,1,0,0,0,0,0,0,0,0,0,0,0,0,0,0,0,0,0,0,0,0,0,35,34.3,36.2,2218,138,91,83,60,48,29,30,122,264,282,212,177,139,154,143,36,59,21,30,29,30,18,23,2220,137,70,56,53,39,34,32,136,257,256,181,154,145,156,163,43,59,31,53,39,50,39,37,234,179,151,249,1312,1306,51,55,114,81,110,188,906,914,87,82,120,98,41,61,1820,61,688
40,53033000100,100,1,456.927029207887,,,Tract,6255,5518,737,3353,831,61,904,39,15,315,312,18,22,0,8,309,68,6692,3980,986,193,1073,82,378,5872,3665,849,83,904,47,324,383,335,66,56,116,5,29,12,7,9,6,3,1,0,10,14,1,42,23,4,0,0,4,1,0,4,2,0,0,4,0,0,0,0,0,0,0,0,6,4,0,1,0,0,0,0,0,0,0,0,1,0,0,0,0,0,0,0,0,0,0,0,0,36.1,35.8,36.3,3153,192,139,108,82,78,52,58,196,340,285,239,229,226,243,222,71,120,45,63,62,33,43,27,3102,170,148,119,81,83,51,55,212,327,242,225,179,205,206,217,84,97,46,69,85,68,54,79,329,348,273,401,1718,1635,57,54,119,127,202,312,1435,1467,135,116,210,221,71,89,2902,66,1039
41,53033000300,300,3,299.101850777441,,,Tract,2603,2396,207,1669,162,23,370,11,15,146,84,5,3,4,0,76,35,2808,1895,227,69,469,29,119,2422,1753,167,26,374,11,91,181,160,35,15,60,2,10,9,3,0,1,2,0,5,8,8,2,19,7,3,0,0,3,0,0,5,0,0,0,0,0,0,0,0,0,1,0,0,1,0,0,0,0,1,0,0,0,0,0,0,0,0,0,0,1,1,0,0,0,0,0,0,0,38.6,38.3,38.9,1280,92,64,55,33,22,11,17,60,100,121,109,101,112,101,102,31,27,26,22,32,20,16,6,1323,84,61,62,34,23,12,15,43,117,123,116,98,95,113,100,27,51,21,26,42,25,24,11,152,157,122,149,838,831,50,41,78,69,96,107,442,492,42,43,74,88,26,42,934,56,485
42,53033004100,4100,41,787.830675950239,,,Tract,7789,7571,218,6386,55,18,815,12,13,272,123,2,5,2,0,53,33,8123,6799,100,74,1030,27,93,7484,6509,57,23,817,12,66,305,279,28,33,187,3,13,2,1,1,3,0,0,1,5,2,0,23,4,1,0,0,7,0,1,6,4,0,0,0,0,0,0,0,0,0,0,0,3,0,0,3,0,0,0,0,0,0,0,0,0,0,0,0,0,0,0,0,0,0,0,0,0,39,38.3,39.7,3732,298,322,271,141,52,30,45,142,198,213,257,290,270,248,275,100,110,75,103,95,74,66,57,4057,267,345,285,140,49,26,37,136,238,233,290,330,301,283,275,118,149,79,99,97,103,74,103,734,770,470,555,3098,3288,203,180,592,616,442,510,634,769,95,87,142,154,28,45,1403,31,2069
43,53033005200,5200,52,238.392554519965,,,Tract,6076,5755,321,3636,143,17,1609,24,15,311,148,11,4,12,0,106,40,6457,4092,204,84,1872,52,153,5725,3784,154,21,1621,24,121,351,321,19,42,196,5,19,4,13,0,0,4,0,1,13,5,0,30,6,5,0,2,2,1,1,7,3,0,1,0,0,0,0,0,1,0,0,1,0,0,0,0,0,0,0,0,0,0,0,0,0,0,0,0,0,0,0,0,0,0,0,0,0,25,25.3,24.7,3322,108,68,33,11,169,254,366,617,511,279,211,158,118,86,114,37,41,19,33,37,24,13,15,2754,87,58,36,15,168,283,271,500,426,207,157,117,73,62,68,45,37,24,25,27,17,27,24,112,109,141,144,2041,1595,69,61,82,69,116,116,1281,1159,39,26,30,40,25,28,2440,57,416
44,53033005100,5100,51,217.863646780461,,,Tract,3662,3501,161,3044,41,11,241,3,6,155,107,4,3,5,0,19,23,3854,3320,72,53,359,8,42,3484,3151,45,14,246,3,25,178,164,17,29,99,3,7,1,1,0,0,0,0,0,2,5,0,14,7,1,0,0,1,0,1,0,4,0,0,0,0,0,0,0,0,0,0,0,0,0,0,0,0,0,0,0,0,0,0,0,0,0,0,0,0,0,0,0,0,0,0,0,0,37.5,37.1,37.7,1806,119,111,71,29,15,9,13,121,186,169,177,175,138,113,127,51,59,23,39,22,13,12,14,1856,101,101,76,38,19,11,13,102,198,163,204,166,119,129,155,48,65,30,32,28,21,10,27,211,215,123,148,1524,1520,83,78,157,167,114,131,282,336,36,23,54,48,9,17,618,30,646
45,53033005301,5301,53.01,134.289725652154,,,Tract,7085,6738,347,4287,172,34,1854,22,17,352,186,9,7,7,2,88,48,7527,4834,236,119,2136,55,147,6685,4473,181,41,1861,24,105,400,365,25,48,226,6,23,4,5,0,3,4,0,1,8,11,1,28,10,2,0,1,2,2,0,9,0,0,0,0,0,1,0,0,0,0,0,1,7,3,0,1,0,0,0,3,0,0,0,0,0,0,0,0,0,0,0,0,0,0,0,0,0,21.7,22,21.3,3623,15,9,8,7,600,563,605,717,413,182,104,79,81,62,69,28,16,12,12,10,6,11,14,3462,19,8,11,12,750,730,621,598,295,121,52,42,30,36,48,5,13,12,5,10,15,19,10,24,31,65,71,2203,2084,5,8,11,12,49,52,1420,1378,10,11,13,19,16,19,2798,56,89
46,53033005000,5000,50,187.142685283803,,,Tract,3600,3423,177,2891,118,13,246,8,5,142,117,2,2,4,0,28,24,3774,3153,155,54,333,20,59,3434,3008,120,15,250,8,33,166,159,20,33,67,7,11,0,3,0,8,1,0,2,2,5,0,6,2,2,0,0,0,0,0,2,0,0,0,0,0,0,0,0,0,0,0,0,1,0,0,0,0,0,0,1,0,0,0,0,0,0,0,0,0,0,0,0,0,0,0,0,0,32.2,32.8,31.7,1711,100,65,29,23,18,16,18,119,321,247,193,123,94,87,97,28,36,13,16,13,8,10,37,1889,87,63,48,29,18,26,23,185,361,248,158,129,80,82,89,32,42,15,14,15,14,36,95,117,140,97,189,1387,1504,65,61,79,94,86,167,324,385,35,26,38,46,11,22,709,35,444
47,53033004200,4200,42,608.83259931177,,,Tract,7618,7317,301,6037,187,27,676,16,34,340,183,10,3,7,2,59,37,8022,6571,276,93,921,36,125,7241,6220,197,30,683,18,93,377,353,55,43,205,5,19,2,7,0,1,1,0,2,7,3,3,21,9,2,0,0,3,0,0,3,4,0,0,0,0,0,0,0,0,0,0,0,3,3,0,0,0,0,0,0,0,0,0,0,0,0,0,0,0,0,0,0,0,0,0,0,0,37.9,37,38.7,3597,267,238,198,96,47,36,59,181,274,273,327,301,245,225,248,117,135,56,66,77,52,36,43,4021,273,269,228,107,49,50,54,168,249,325,330,304,277,293,326,97,129,86,79,95,81,72,80,532,604,330,493,2876,3161,183,189,387,425,291,440,721,860,84,84,145,179,39,53,1581,36,1676
48,53033004301,4301,43.01,241.990652891396,,,Tract,3531,3357,174,2659,60,10,441,1,12,174,99,6,5,3,0,38,23,3740,2935,105,41,578,14,67,3334,2758,66,15,444,1,50,197,186,23,19,113,2,10,2,6,0,2,0,0,1,7,1,0,10,3,2,0,0,0,0,0,3,1,0,0,0,0,0,0,0,0,0,0,1,1,0,0,1,0,0,0,0,0,0,0,0,0,0,0,0,0,0,0,0,0,0,0,0,0,30.6,29.4,31.3,1779,132,92,57,45,64,82,111,153,170,142,137,120,81,76,105,34,44,18,25,21,22,13,35,1752,120,89,59,27,51,90,82,151,156,158,123,99,99,81,107,39,37,25,24,20,24,33,58,194,175,134,184,1339,1320,84,74,130,123,119,172,440,432,48,46,64,52,15,12,872,41,621
49,53033004302,4302,43.02,81.7167401597699,,,Tract,3518,3304,214,2383,82,4,651,10,9,165,99,8,7,5,0,81,14,3708,2651,113,38,787,17,102,3339,2482,90,11,656,10,90,179,169,15,21,116,2,5,2,2,0,0,1,0,0,0,3,2,9,1,3,0,0,1,0,0,2,2,0,0,0,0,0,0,0,0,0,0,0,1,0,0,0,0,0,0,1,0,0,0,0,0,0,0,0,0,0,0,0,0,0,0,0,0,22.2,22.3,22,1877,26,19,7,4,219,310,301,357,236,130,50,25,40,29,24,6,13,3,9,11,15,18,25,1641,16,4,4,4,273,248,268,253,192,71,45,21,32,17,21,5,16,12,13,20,28,24,54,30,12,81,151,1295,1088,12,5,11,3,76,131,582,553,14,11,19,9,5,20,1135,50,84
50,53033004000,4000,40,613.491535636833,,,Tract,2690,2588,102,2054,142,8,247,20,7,110,61,4,0,0,0,17,20,2830,2233,180,34,313,30,40,2560,2115,146,8,247,20,24,130,120,19,15,58,4,12,2,1,0,3,0,1,0,5,0,0,10,7,1,0,1,1,0,0,0,0,0,0,0,0,0,0,0,0,0,0,0,0,0,0,0,0,0,0,0,0,0,0,0,0,0,0,0,0,0,0,0,0,0,0,0,0,39.4,38.9,39.7,1237,70,85,73,45,16,11,16,40,91,94,100,88,76,102,94,32,48,29,22,26,31,20,28,1453,98,98,77,30,17,7,7,60,126,102,113,95,75,105,111,51,51,31,32,34,49,49,35,203,205,156,230,968,1086,48,57,133,135,146,210,269,367,22,41,70,70,10,20,636,40,576
51,53033004400,4400,44,244.595803371689,,,Tract,6260,5941,319,4594,155,20,796,6,30,340,193,1,9,8,2,83,23,6666,5117,227,114,1033,44,131,5897,4787,156,29,804,8,113,363,331,38,58,180,15,9,5,5,0,2,3,0,1,11,4,0,21,2,6,1,0,3,0,1,5,0,1,1,0,0,1,0,0,0,0,0,0,11,9,1,0,0,0,0,1,0,0,0,0,0,0,0,0,0,0,0,0,0,0,0,0,0,24.9,25.4,23.9,3310,82,69,66,30,130,211,321,686,477,257,191,166,123,124,128,58,54,21,37,30,23,15,11,2950,78,78,59,21,176,276,382,495,352,207,139,127,99,117,109,36,46,31,25,22,24,25,26,165,158,137,153,2420,2174,64,63,129,120,123,140,890,776,18,15,36,38,14,13,1666,44,483
52,53033004500,4500,45,165.797509531797,,,Tract,2676,2558,118,2220,26,13,169,6,4,120,76,5,2,0,0,22,13,2819,2416,56,35,259,19,34,2543,2296,31,15,169,6,26,133,123,12,13,76,4,5,2,4,0,0,0,0,0,6,1,0,10,5,0,0,2,0,0,0,3,0,0,0,0,0,0,0,0,0,0,0,0,0,0,0,0,0,0,0,0,0,0,0,0,0,0,0,0,0,0,0,0,0,0,0,0,0,30.3,30.4,30.1,1356,76,43,27,19,19,51,71,155,201,177,139,115,64,44,59,18,29,13,18,6,7,2,3,1320,72,37,26,15,14,39,70,162,221,129,129,100,57,50,63,26,34,12,25,11,8,10,10,89,78,49,76,1139,1081,61,58,76,52,47,68,217,239,15,14,13,26,2,8,456,30,315
53,53033004600,4600,46,382.242707017504,,,Tract,3251,3133,118,2767,33,12,185,1,20,115,81,1,2,2,0,14,18,3396,2976,53,40,268,10,49,3118,2848,34,14,187,1,34,133,121,18,16,68,1,13,0,0,0,1,1,3,0,0,0,0,12,0,0,0,0,6,0,0,5,1,0,0,0,0,0,0,0,0,0,0,0,0,0,0,0,0,0,0,0,0,0,0,0,0,0,0,0,0,0,0,0,0,0,0,0,0,36.7,35.8,37.7,1648,118,92,59,34,24,9,13,103,185,159,155,139,120,114,114,41,60,18,27,30,15,6,13,1603,103,77,54,27,11,5,17,96,179,162,145,151,106,127,121,30,62,22,26,28,14,11,29,185,158,109,130,1414,1353,94,83,153,113,94,112,234,250,24,20,32,45,15,18,484,27,564
54,53033003600,3600,36,295.63260502779,,,Tract,5672,5432,240,4506,97,24,517,5,19,264,146,5,2,3,1,50,33,5991,4927,162,88,703,25,86,5375,4652,102,26,520,6,69,297,275,38,48,151,6,11,1,8,0,2,0,0,0,6,4,0,22,8,2,0,0,4,0,0,7,0,0,1,0,0,0,0,0,0,0,0,0,0,0,0,0,0,0,0,0,0,0,0,0,0,0,0,0,0,0,0,0,0,0,0,0,0,32.5,32.5,32.5,2712,129,52,61,36,21,24,14,229,559,405,251,214,153,106,132,58,61,32,27,42,45,29,32,2960,119,65,53,25,21,32,36,294,620,390,270,149,135,119,120,45,76,38,34,50,52,56,161,149,143,207,391,2158,2348,86,78,103,106,179,351,554,612,43,41,46,37,28,40,1166,36,540
55,53033003900,3900,39,240.618342057564,,,Tract,2772,2655,117,2137,41,11,322,0,4,140,74,0,1,5,0,19,18,2942,2357,77,31,433,2,42,2614,2211,41,12,327,0,23,158,146,24,11,85,0,14,0,5,0,0,2,0,0,1,4,0,12,2,4,0,1,4,0,0,1,0,0,0,0,0,0,0,0,0,0,0,0,0,0,0,0,0,0,0,0,0,0,0,0,0,0,0,0,0,0,0,0,0,0,0,0,0,41,40,42,1300,97,118,81,36,16,12,3,27,61,99,101,122,97,108,102,25,40,20,19,22,33,29,32,1472,125,104,65,45,12,11,10,36,70,91,117,116,102,110,105,45,52,30,25,32,43,62,64,235,214,155,256,1017,1120,70,84,171,140,134,223,283,352,27,41,64,74,21,33,635,39,671
56,53033003800,3800,38,154.334054044804,,,Tract,2058,1995,63,1633,38,11,202,2,3,106,51,2,2,0,0,4,4,2175,1785,57,35,274,10,14,1948,1684,40,13,202,2,7,110,103,15,13,60,3,3,0,0,0,0,5,0,1,2,1,0,7,2,0,0,0,0,0,1,3,1,0,0,0,0,0,0,0,0,0,0,0,0,0,0,0,0,0,0,0,0,0,0,0,0,0,0,0,0,0,0,0,0,0,0,0,0,39.3,39.3,39.4,1024,72,51,51,41,11,8,18,40,76,67,94,82,77,80,78,35,51,19,14,18,13,13,15,1034,81,61,50,26,16,10,8,37,58,86,96,79,83,88,76,22,32,16,18,28,14,18,31,143,137,92,125,808,825,48,62,105,104,79,101,216,209,24,19,38,33,13,24,425,36,433
57,53033001400,1400,14,525.964033852967,,,Tract,4848,4535,313,3732,179,43,343,7,9,222,169,5,6,3,0,90,40,5155,4135,270,131,463,24,132,4586,3901,184,49,346,7,99,262,223,51,50,76,5,14,1,5,0,2,2,0,5,4,8,0,34,15,6,0,0,2,0,2,6,2,0,1,0,0,0,0,0,0,0,0,0,4,3,0,0,1,0,0,0,0,0,0,0,0,0,0,0,1,1,0,0,0,0,0,0,0,38.4,36.7,40.2,2397,148,111,105,83,42,17,21,99,228,257,225,208,184,193,165,50,70,29,39,46,25,31,21,2451,131,107,105,65,40,14,16,89,192,230,228,211,184,194,207,76,76,32,40,53,49,51,61,299,277,191,286,1848,1884,104,87,199,197,167,246,549,567,44,44,100,80,24,40,1116,39,855
58,53033000402,402,4.02,444.494218912616,,,Tract,4841,4528,313,3617,251,39,398,5,8,210,120,2,6,4,0,160,21,5095,3939,314,97,522,24,199,4610,3737,253,45,402,5,168,231,210,43,36,86,3,15,5,2,0,2,3,0,0,6,9,0,19,3,1,0,3,2,0,1,8,0,0,0,0,0,0,1,0,0,0,0,0,2,0,0,0,0,0,0,1,0,0,0,1,0,0,0,0,0,0,0,0,0,0,0,0,0,45,40.6,49.1,2232,136,93,73,57,33,15,24,95,207,181,178,167,141,168,145,40,56,24,48,55,43,72,181,2609,107,91,72,45,33,19,24,78,175,182,176,162,174,150,171,51,83,40,38,59,66,165,448,223,208,423,816,1637,1980,68,63,132,118,378,752,595,629,68,44,91,90,45,64,1224,43,674
59,53033000401,401,4.01,336.971111466771,,,Tract,5551,5145,406,3403,634,59,725,36,14,274,171,5,7,10,1,163,49,5904,3844,770,155,855,60,220,5228,3574,639,66,735,37,177,323,293,73,53,91,6,19,14,8,2,12,3,3,1,4,3,1,30,13,3,1,5,0,0,0,6,0,0,0,0,0,0,0,0,0,2,0,0,0,0,0,0,0,0,0,0,0,0,0,0,0,0,0,0,0,0,0,0,0,0,0,0,0,40.5,38,43,2574,141,100,79,57,63,32,44,162,303,185,178,170,179,153,146,63,98,67,79,86,67,71,51,2977,119,79,81,55,71,40,51,179,324,221,170,174,136,177,180,78,120,77,84,123,133,153,152,236,215,421,722,1565,1838,51,35,109,86,339,574,1009,1139,90,84,127,129,82,148,2148,59,711
60,53033007800,7800,78,514.079152600074,,,Tract,5145,4971,174,3898,545,15,254,4,11,244,88,12,14,1,0,29,30,5457,4236,650,70,428,17,56,4871,3986,557,29,255,4,40,274,238,48,18,139,1,9,7,10,0,2,1,0,0,2,1,0,34,9,8,5,2,5,0,0,3,1,0,0,0,0,0,0,0,1,0,0,0,2,0,0,0,1,1,0,0,0,0,0,0,0,0,0,0,0,0,0,0,0,0,0,0,0,43,42.5,43.5,2550,176,190,140,84,40,11,12,52,114,139,184,260,216,215,202,67,127,63,76,67,55,31,29,2595,145,150,133,84,38,10,9,59,110,159,216,256,198,211,215,96,131,67,90,67,59,48,44,414,367,321,375,1965,1933,129,103,307,267,247,234,585,662,47,42,107,100,74,141,1247,41,1102
61,53033009200,9200,92,77.2948072983024,,,Tract,2825,2620,205,1201,559,58,672,9,13,108,88,15,10,3,3,59,27,2995,1386,630,131,727,27,94,2690,1289,574,68,675,12,72,135,110,17,21,24,3,10,17,6,0,3,3,0,1,3,2,0,16,7,1,0,0,3,0,1,2,0,1,0,0,1,0,0,0,0,0,0,0,8,0,0,1,0,0,0,5,0,0,0,0,2,0,0,0,1,1,0,0,0,0,0,0,0,46.1,45.7,47.1,1837,21,11,21,6,8,8,13,75,204,194,166,172,188,210,201,51,64,32,41,44,51,32,24,988,20,16,14,7,13,6,12,50,146,82,60,47,66,68,74,19,36,23,30,54,51,49,45,38,37,224,252,838,363,6,4,4,7,87,42,999,625,15,16,34,30,137,210,1624,72,116
62,53033008800,8800,88,234.389894778979,,,Tract,3503,3296,207,1801,1122,11,150,5,13,194,90,16,4,1,2,59,35,3752,2084,1253,52,252,24,87,3274,1891,1138,15,151,7,72,229,210,75,22,68,4,7,5,15,0,6,0,0,0,7,1,0,18,8,3,0,0,0,0,0,5,0,0,1,0,0,1,0,0,0,0,0,0,1,0,0,1,0,0,0,0,0,0,0,0,0,0,0,0,0,0,0,0,0,0,0,0,0,34.9,34.6,35.2,1671,128,105,93,49,25,18,16,69,178,169,162,182,126,98,75,31,37,15,27,34,9,13,12,1832,133,86,83,46,21,12,17,97,205,206,199,130,136,103,98,38,52,22,23,26,23,34,42,247,215,110,170,884,917,52,63,96,85,27,14,787,915,76,70,151,130,83,156,1702,62,723
63,53033008700,8700,87,180.969872917901,,,Tract,3843,3369,474,1874,889,31,336,14,5,220,188,16,5,6,6,204,49,4166,2280,1046,122,443,40,235,3574,2062,905,36,342,20,209,269,223,76,33,57,2,8,18,8,0,7,1,0,1,8,4,0,39,17,3,2,2,8,0,0,1,2,0,2,0,1,0,0,1,0,0,0,0,6,1,0,0,2,0,0,3,0,0,0,0,0,0,0,0,1,1,0,0,0,0,0,0,0,33.7,35.1,32.7,1988,107,63,67,42,27,27,41,152,224,241,209,196,151,134,96,43,36,21,21,34,24,18,14,1855,92,65,80,49,49,26,68,153,237,206,201,131,98,81,93,22,34,24,19,32,30,30,35,172,194,132,170,1001,873,35,38,27,35,32,25,987,982,72,54,145,159,100,145,1969,68,565
64,53033008600,8600,86,175.773385980276,,,Tract,5055,4654,401,2702,668,69,923,47,17,228,175,18,6,14,0,149,39,5354,3084,760,134,1094,87,195,4788,2877,686,75,937,47,166,267,239,33,32,97,5,14,8,10,0,4,3,0,0,24,9,0,25,11,3,2,0,1,0,0,7,0,0,0,0,0,0,0,0,1,0,0,0,2,1,0,0,0,0,0,0,0,0,0,0,0,1,0,0,1,0,1,0,0,0,0,0,0,23,25.9,21.6,2563,58,28,44,77,382,206,148,261,365,208,164,144,110,110,82,33,33,24,20,23,24,6,13,2492,44,25,40,29,648,347,195,286,273,134,92,91,62,48,47,13,27,15,19,22,19,11,5,149,94,110,91,1341,1361,15,11,31,20,24,17,1222,1131,43,33,118,74,86,74,2353,65,345
65,53033008500,8500,85,117.176130949614,,,Tract,4341,3924,417,1996,1209,97,506,12,18,86,173,19,18,1,1,174,31,4472,2254,1277,139,555,21,226,4224,2169,1228,115,507,13,192,117,103,22,10,25,2,14,6,4,0,10,1,0,0,4,5,0,14,5,0,0,0,1,0,0,2,4,0,1,0,0,0,1,0,0,0,0,0,0,0,0,0,0,0,0,0,0,0,0,0,0,0,0,0,0,0,0,0,0,0,0,0,0,36.4,36.2,37,2923,73,47,38,33,77,60,65,235,417,342,297,286,248,187,173,48,49,26,30,48,77,30,37,1418,42,52,34,23,32,19,38,126,201,116,84,83,78,64,46,27,34,23,35,58,69,61,73,118,109,248,319,1359,637,8,4,8,8,154,204,1564,781,65,38,110,101,94,115,2345,69,342
66,53033008100,8100,81,206.340306601972,,,Tract,4070,3856,214,2838,386,71,417,8,23,113,112,12,10,4,0,63,13,4214,3050,441,122,482,18,101,3944,2950,398,81,421,8,86,126,112,17,22,38,3,7,6,7,0,0,2,1,0,2,6,1,11,7,2,0,0,0,0,0,1,0,0,0,0,0,1,0,0,0,0,0,0,2,1,0,1,0,0,0,0,0,0,0,0,0,0,0,0,1,1,0,0,0,0,0,0,0,46.1,45.6,47,2483,20,16,14,7,9,17,14,108,298,271,223,221,257,261,246,92,104,77,68,72,46,29,13,1587,20,14,4,6,11,18,15,77,193,161,125,110,118,173,131,69,91,51,50,58,48,24,20,37,24,305,251,1716,1122,9,8,24,17,234,193,767,465,11,12,13,7,71,58,1232,49,101
67,53033008200,8200,82,90.611669581896,,,Tract,3280,3057,223,2249,193,25,448,14,14,114,111,5,3,4,0,75,25,3440,2480,241,65,523,26,105,3141,2360,198,28,452,14,89,139,124,19,20,52,3,11,5,4,0,3,1,0,0,4,2,0,11,7,1,0,0,2,0,0,1,0,0,0,0,0,0,0,0,0,0,0,0,2,0,0,0,2,0,0,0,0,0,0,0,0,0,0,0,2,2,0,0,0,0,0,0,0,36.1,34,40.5,1643,22,8,9,7,46,28,33,168,312,223,154,112,90,88,62,31,19,14,17,15,27,48,110,1637,22,7,6,6,28,31,33,160,261,154,103,82,59,64,51,18,35,19,30,35,57,140,236,24,19,231,517,1085,1164,9,8,14,7,219,478,558,473,13,14,10,12,12,39,1031,50,87
68,53033008300,8300,83,58.6727249338587,,,Tract,2505,2361,144,1774,128,28,349,9,6,67,86,5,6,2,0,28,17,2594,1937,149,47,398,12,51,2421,1860,133,34,351,9,34,84,80,9,8,40,1,15,2,2,0,0,0,0,0,2,1,0,3,1,1,0,0,1,0,0,0,0,0,0,0,0,0,0,0,0,0,0,0,1,0,0,1,0,0,0,0,0,0,0,0,0,0,0,0,0,0,0,0,0,0,0,0,0,39.7,39.2,40.5,1355,18,6,3,1,15,11,16,79,237,196,112,108,106,90,84,22,46,34,45,29,34,27,36,1150,10,3,5,4,12,12,24,93,200,138,68,59,59,43,58,23,40,15,43,70,42,54,75,10,12,205,299,950,824,4,4,6,4,146,229,405,326,14,6,4,8,59,70,731,47,50
69,53033008400,8400,84,94.5424834145286,,,Tract,3760,3528,232,2568,278,25,468,9,8,172,135,4,5,3,0,46,39,4019,2896,350,83,574,30,86,3549,2703,282,30,471,9,54,211,169,30,25,71,4,22,3,4,0,2,0,0,1,5,2,0,38,16,5,0,3,3,1,0,8,1,0,0,0,0,0,1,0,0,0,0,0,2,1,1,0,0,0,0,0,0,0,0,0,0,0,0,0,2,2,0,0,0,0,0,0,0,31.6,32.6,30.3,2075,32,17,15,22,57,23,33,190,453,324,190,179,123,100,84,34,39,16,27,24,29,28,36,1685,34,25,20,26,64,48,49,207,355,198,111,77,57,58,49,28,36,24,32,36,37,37,77,54,71,160,243,1457,1111,13,15,14,18,128,197,618,574,19,19,40,53,32,46,1192,51,191
70,53033007900,7900,79,172.588983884123,,,Tract,5147,4713,434,3276,762,33,369,8,10,255,170,10,4,3,0,199,48,5501,3695,886,129,515,30,246,4844,3446,772,37,372,8,209,303,258,45,44,91,4,22,13,21,0,5,5,0,1,3,4,0,39,20,4,0,0,3,1,2,7,0,0,0,1,0,0,1,0,0,0,0,0,6,0,0,0,2,0,2,2,0,0,0,0,0,0,0,0,0,0,0,0,0,0,0,0,0,33.6,34.6,32.5,2652,108,52,38,27,30,37,50,190,432,388,346,236,172,159,105,37,48,39,42,40,34,20,22,2495,94,49,45,38,43,53,63,197,462,367,215,147,108,112,95,46,66,45,41,57,50,39,63,117,132,197,295,1743,1533,49,41,24,26,121,169,909,962,59,53,93,106,76,126,1871,56,451
71,53033007500,7500,75,198.106622768043,,,Tract,6282,5854,428,4722,298,44,493,17,16,264,239,9,11,6,2,103,58,6650,5244,399,148,650,49,160,5960,4961,307,55,499,19,119,322,279,47,63,94,10,27,6,12,1,3,1,0,1,11,3,0,40,8,9,0,2,7,0,3,8,2,0,1,0,0,0,0,0,0,0,0,0,3,3,0,0,0,0,0,0,0,0,0,0,0,0,0,0,0,0,0,0,0,0,0,0,0,32.3,33.6,30.6,3489,58,35,26,20,33,37,39,234,790,625,391,336,247,170,170,59,69,34,35,34,28,13,6,2793,43,30,20,25,39,43,70,349,710,448,256,154,127,96,116,22,65,30,30,34,31,27,28,81,75,150,180,2641,2081,31,25,26,35,123,128,848,712,27,18,55,40,27,52,1560,42,257
72,53033007700,7700,77,261.506157474478,,,Tract,4476,4240,236,2852,841,12,292,5,8,230,118,12,6,3,0,64,33,4765,3178,962,96,422,14,93,4213,2970,853,18,295,5,72,263,237,48,26,101,1,10,27,10,0,3,5,0,1,5,0,0,26,15,0,0,3,1,0,0,3,0,0,0,0,2,0,1,0,0,1,0,0,0,0,0,0,0,0,0,0,0,0,0,0,0,0,0,0,0,0,0,0,0,0,0,0,0,35.5,35.3,35.6,2325,136,74,62,38,30,22,27,140,327,294,276,231,190,152,122,42,53,21,24,25,21,8,10,2151,120,80,53,44,18,33,20,141,304,234,236,178,121,134,136,49,65,30,31,40,26,27,31,174,177,109,185,1544,1308,72,74,66,78,35,61,781,843,64,46,108,99,74,124,1624,55,607
73,53033007300,7300,73,228.820330555421,,,Tract,4668,4340,328,3034,480,75,527,20,10,194,205,7,3,1,0,81,31,4923,3425,564,140,634,42,118,4443,3239,487,78,528,20,91,225,199,37,34,70,4,19,14,5,1,1,1,0,0,8,5,0,22,7,4,1,0,0,0,0,6,0,0,2,0,0,0,1,0,1,0,0,0,4,3,0,0,0,0,1,0,0,0,0,0,0,0,0,0,0,0,0,0,0,0,0,0,0,35.8,37.4,34,2660,47,12,12,10,18,17,26,169,487,412,250,219,236,207,162,57,71,45,30,32,44,62,35,2008,34,19,6,12,21,27,37,176,449,264,188,116,112,99,114,35,44,16,26,49,45,84,35,34,37,248,255,1704,1330,14,14,9,19,202,212,956,678,33,20,25,18,46,43,1634,55,152
74,53033007402,7402,74.02,61.5966172222158,,,Tract,4921,4493,428,3375,369,51,454,20,19,205,251,7,9,7,1,87,66,5234,3871,453,132,591,38,149,4650,3626,376,60,461,21,106,271,238,44,42,94,3,31,7,4,1,3,1,0,1,3,4,0,27,5,4,0,2,7,1,1,4,1,0,0,0,0,1,0,0,1,0,0,0,3,3,0,0,0,0,0,0,0,0,0,0,0,0,0,0,3,3,0,0,0,0,0,0,0,30.6,32,29,2899,41,14,13,11,44,37,49,307,683,516,319,235,190,186,107,34,43,20,17,16,7,7,3,2022,34,23,7,11,56,59,72,284,566,327,168,104,74,74,55,35,28,7,13,9,3,3,10,38,41,70,45,1997,1378,14,14,16,7,50,29,902,644,27,20,22,34,20,16,1546,51,154
75,53033007600,7600,76,141.307947549908,,,Tract,3498,3329,169,2584,371,6,208,4,6,150,101,6,2,3,0,27,30,3698,2836,437,54,304,11,56,3318,2685,377,8,211,4,33,180,161,30,21,68,0,14,7,5,0,2,3,0,1,7,3,0,18,9,5,0,0,2,0,1,0,0,0,0,0,1,0,0,0,0,0,0,0,1,0,0,1,0,0,0,0,0,0,0,0,0,0,0,0,0,0,0,0,0,0,0,0,0,33.9,34.6,33.5,1707,86,59,40,22,14,11,13,105,264,257,192,180,124,95,97,27,30,21,22,13,14,12,9,1791,77,61,41,26,11,5,17,108,337,285,188,131,81,108,98,33,47,16,29,36,16,16,24,121,128,91,137,1293,1291,52,50,59,66,52,74,414,500,34,27,62,62,39,63,914,44,412
76,53033007401,7401,74.01,64.0927450390179,,,Tract,4115,3830,285,3180,92,21,329,10,9,189,166,1,3,7,1,74,33,4360,3542,153,80,450,29,106,3893,3346,93,24,336,11,83,222,204,39,43,80,4,13,5,10,0,1,1,0,0,3,4,1,15,1,2,0,0,2,0,1,6,2,0,0,0,0,0,0,0,0,0,0,1,1,0,0,0,0,0,0,1,0,0,0,0,0,0,0,0,2,2,0,0,0,0,0,0,0,31.8,33.3,30.3,2327,24,7,4,9,19,25,35,201,569,399,283,206,181,114,112,27,35,17,20,7,17,11,5,1788,18,9,5,3,30,40,49,235,485,298,162,98,72,55,63,26,28,13,26,26,20,9,18,20,17,77,112,1811,1369,15,13,7,8,65,99,516,419,9,5,13,9,12,13,935,39,79
77,53033006300,6300,63,571.208999006873,,,Tract,4962,4826,136,4452,53,9,184,2,0,126,94,7,1,2,0,17,15,5120,4677,75,45,288,8,27,4821,4546,60,10,186,2,17,141,124,4,19,84,0,7,0,3,0,2,2,0,0,2,0,1,17,6,0,0,0,8,0,0,3,0,0,0,0,0,0,0,0,0,0,0,0,0,0,0,0,0,0,0,0,0,0,0,0,0,0,0,0,0,0,0,0,0,0,0,0,0,46.5,45.5,47.4,2237,110,130,126,68,25,3,5,59,142,117,137,176,176,153,165,62,112,65,64,107,74,79,82,2725,121,140,131,72,30,4,6,86,192,133,146,191,214,185,186,94,132,73,100,105,82,123,179,324,343,471,662,2022,2430,89,90,285,298,453,628,215,295,21,31,39,45,18,34,510,19,898
78,53033006200,6200,62,627.494719498292,,,Tract,3848,3738,110,3220,89,12,235,3,24,155,77,1,3,0,0,19,10,4022,3458,137,33,333,6,55,3683,3297,90,15,235,3,43,165,156,36,8,94,3,11,1,2,0,0,1,0,0,0,0,0,9,7,0,0,1,1,0,0,0,0,0,0,0,0,0,0,0,0,0,0,0,0,0,0,0,0,0,0,0,0,0,0,0,0,0,0,0,0,0,0,0,0,0,0,0,0,40.9,40.5,41.2,1895,139,122,101,54,29,8,16,61,138,119,144,157,155,134,111,81,85,46,61,60,35,23,16,1953,136,115,114,60,20,6,14,60,119,131,161,155,138,165,142,63,108,47,51,62,37,15,34,277,289,241,246,1609,1611,116,103,216,224,212,204,286,342,23,33,61,65,29,42,628,29,841
79,53033006500,6500,65,283.568432594808,,,Tract,4157,3976,181,3536,44,14,240,4,6,132,119,2,7,3,0,25,25,4333,3803,82,61,328,9,50,4000,3655,46,21,243,4,31,157,142,19,28,74,2,10,0,4,0,1,0,0,0,2,2,0,11,5,1,1,1,1,0,2,0,0,0,0,0,0,0,0,0,0,0,0,0,4,1,0,3,0,0,0,0,0,0,0,0,0,0,0,0,0,0,0,0,0,0,0,0,0,35.8,36.8,34.8,2180,64,67,68,35,18,22,16,129,308,271,221,206,176,147,105,64,84,35,43,43,26,23,9,1977,66,65,49,27,37,16,29,141,335,230,173,157,89,113,135,55,80,38,42,29,32,21,18,170,141,179,180,1874,1662,47,54,140,109,171,170,306,315,17,12,30,32,8,10,621,27,441
80,53033006600,6600,66,252.567475209139,,,Tract,3540,3328,212,2722,111,18,338,9,4,126,117,8,6,1,0,56,24,3703,2974,149,61,424,19,76,3390,2839,119,24,339,9,60,150,139,18,25,64,5,12,2,7,0,0,1,0,0,3,2,0,9,2,0,0,0,4,0,1,2,0,0,0,0,0,0,0,0,0,0,0,0,2,1,0,0,0,0,0,0,1,0,0,0,0,0,0,0,0,0,0,0,0,0,0,0,0,33.6,35.3,31.7,1903,40,16,8,12,15,9,22,123,382,312,183,121,101,141,149,59,71,32,32,40,17,14,4,1637,39,21,15,9,16,19,19,174,385,274,135,101,55,70,88,30,64,25,34,32,13,12,7,36,45,139,123,1452,1270,22,23,23,22,125,111,451,367,18,16,13,23,14,12,818,39,160
81,53033006400,6400,64,223.286315511975,,,Tract,3207,3088,119,2699,116,5,144,3,2,119,88,0,0,1,0,22,8,3346,2904,149,23,224,13,33,3080,2787,116,5,145,3,24,127,118,21,10,66,9,3,0,5,0,0,0,0,0,1,3,0,7,4,0,0,0,0,0,1,0,1,0,1,0,0,0,0,0,0,0,0,0,1,1,0,0,0,0,0,0,0,0,0,0,0,0,0,0,1,0,1,0,0,0,0,0,0,40.3,40.3,40.4,1594,104,112,111,52,22,8,8,32,111,91,136,178,142,119,120,47,60,37,32,27,15,13,17,1613,87,114,108,47,29,9,8,48,105,112,124,162,126,107,134,55,63,32,39,33,29,20,22,275,269,141,175,1353,1346,78,74,224,211,120,149,241,267,26,13,51,58,21,26,508,29,735
82,53033006700,6700,67,304.72060609599,,,Tract,6544,6218,326,5120,180,31,586,12,14,275,194,8,3,10,0,78,33,6875,5588,272,84,781,34,116,6236,5314,188,34,596,12,92,308,286,50,38,141,7,16,2,16,0,1,1,0,0,9,5,0,21,7,6,1,0,0,0,1,5,1,0,0,0,0,0,0,0,0,0,0,0,1,1,0,0,0,0,0,0,0,0,0,0,0,0,0,0,0,0,0,0,0,0,0,0,0,33.4,33.7,33.1,3196,88,67,40,20,13,8,23,232,695,541,339,273,199,146,148,57,67,42,52,56,21,30,39,3348,90,57,52,27,17,23,30,329,754,462,302,214,169,154,153,50,78,51,51,56,55,60,114,127,136,240,387,2476,2644,53,60,95,106,214,350,720,704,35,30,32,30,26,37,1424,37,441
83,53033006100,6100,61,276.424774273869,,,Tract,4796,4622,174,3990,72,7,371,7,13,162,97,5,4,2,0,44,22,4989,4257,113,46,481,16,76,4612,4087,77,11,373,7,57,184,176,21,29,95,4,14,1,4,2,1,1,0,0,1,3,0,7,4,1,0,0,0,0,0,1,0,0,0,0,0,0,1,0,0,0,0,0,1,0,0,0,1,0,0,0,0,0,0,0,0,0,0,0,0,0,0,0,0,0,0,0,0,35.3,35.2,35.3,2366,70,45,44,32,17,10,22,173,425,337,217,178,121,125,135,56,85,50,56,70,55,24,19,2430,68,48,30,21,23,22,23,200,460,301,216,170,129,133,154,65,87,56,66,65,39,31,23,121,99,274,280,1991,1999,48,55,101,73,259,255,375,431,22,13,20,26,15,25,806,30,358
84,53033005400,5400,54,296.129534973639,,,Tract,4948,4726,222,3983,94,22,395,3,12,217,132,4,2,4,0,48,32,5229,4352,151,87,553,7,79,4699,4115,98,24,399,3,60,249,219,32,43,123,1,8,1,4,1,1,0,0,1,0,4,0,28,3,7,0,2,12,0,1,2,1,0,0,0,0,0,0,0,0,0,0,0,2,1,0,1,0,0,0,0,0,0,0,0,0,0,0,0,0,0,0,0,0,0,0,0,0,32.8,33.4,32.1,2427,115,68,41,24,19,10,13,150,513,359,272,234,148,106,135,48,51,35,25,25,21,7,8,2521,129,66,34,25,16,8,25,233,553,361,250,179,147,125,140,60,48,22,21,29,23,10,17,133,125,121,122,1986,1997,84,87,83,76,109,105,441,524,31,42,50,49,12,17,965,34,502
85,53033005302,5302,53.02,577.317916173531,,,Tract,5706,5417,289,3067,97,24,1773,24,4,428,200,3,1,8,0,56,21,6202,3655,168,81,2135,81,82,5257,3267,100,25,1781,24,60,449,405,39,36,267,2,5,0,8,8,0,7,0,0,18,14,1,41,3,3,0,0,3,0,1,25,1,0,5,0,0,0,0,0,0,0,0,0,3,0,0,0,2,0,0,1,0,0,0,0,0,0,0,0,0,0,0,0,0,0,0,0,0,19.6,19.7,19.5,2671,0,0,1,15,1659,545,174,161,50,39,10,4,2,1,0,2,2,0,4,1,0,1,0,3035,0,0,0,18,2088,487,215,124,56,32,9,0,0,1,2,1,0,0,2,0,0,0,0,16,18,6,2,1535,1532,0,0,7,9,4,2,1136,1503,0,0,9,9,2,0,2639,61,34
86,53033011700,11700,117,864.560841304184,,,Tract,5538,5179,359,651,1447,29,2760,31,4,257,155,21,10,8,2,107,56,5932,1004,1656,150,2902,65,155,5225,806,1468,39,2768,33,111,313,251,63,20,48,3,14,39,25,6,4,2,0,3,10,14,0,43,14,10,0,1,5,0,0,1,0,0,1,4,3,1,0,0,3,0,0,0,19,10,0,5,2,0,0,2,0,0,0,0,0,0,0,0,0,0,0,0,0,0,0,0,0,37.3,35.6,38.7,2773,197,191,196,132,71,46,40,123,206,158,187,197,208,194,182,59,72,49,60,76,51,46,32,2765,162,189,175,102,79,35,18,89,194,193,204,202,176,197,210,80,85,46,55,80,70,67,57,519,466,314,375,327,324,11,13,20,21,50,60,2446,2441,186,149,499,445,264,315,4887,66,1344
87,53033011800,11800,118,573.963979528183,,,Tract,7383,6568,815,1515,2612,58,1941,85,17,340,233,49,16,8,4,402,103,7907,2029,2897,200,2123,127,531,6940,1748,2661,74,1949,89,419,443,379,82,35,64,3,43,46,20,4,26,8,1,0,13,33,1,47,17,12,1,6,0,0,0,3,1,0,5,1,0,1,0,0,0,0,0,0,17,5,3,0,3,1,0,2,0,0,0,2,1,0,0,0,0,0,0,0,0,0,0,0,0,35.7,35,36.1,3606,285,238,214,158,90,47,42,154,314,261,271,271,278,262,237,67,87,55,77,79,52,41,26,3777,288,238,219,146,117,53,43,133,297,268,307,268,232,288,276,94,118,63,61,89,60,55,64,610,603,330,392,745,770,41,40,56,69,93,108,2861,3007,244,248,554,534,237,284,5868,75,1786
88,53033026400,26400,264,15.9062508076155,,,Tract,0,0,0,0,0,0,0,0,0,0,0,0,0,0,0,0,0,0,0,0,0,0,0,0,0,0,0,0,0,0,0,0,0,0,0,0,0,0,0,0,0,0,0,0,0,0,0,0,0,0,0,0,0,0,0,0,0,0,0,0,0,0,0,0,0,0,0,0,0,0,0,0,0,0,0,0,0,0,0,0,0,0,0,0,0,0,0,0,0,0,0,0,0,0,0,0,0,0,0,0,0,0,0,0,0,0,0,0,0,0,0,0,0,0,0,0,0,0,0,0,0,0,0,0,0,0,0,0,0,0,0,0,0,0,0,0,0,0,0,0,0,0,0,0,0,0,0,0,0,0,0,0,0,0,0,0,0,0,0,0,0,0,0,0,0,0,74,0
89,53033026500,26500,265,100.501930793937,,,Tract,81,63,18,24,10,2,19,4,0,4,1,0,0,5,0,11,1,87,29,12,4,26,5,11,76,25,10,2,24,4,11,5,4,0,0,2,1,0,1,0,0,0,0,0,0,0,0,0,1,1,0,0,0,0,0,0,0,0,0,0,0,0,0,0,0,0,0,0,0,0,0,0,0,0,0,0,0,0,0,0,0,0,0,0,0,0,0,0,0,0,0,0,0,0,41.8,43.5,41.2,44,4,2,2,3,1,0,2,0,3,2,1,4,7,3,3,0,3,0,0,1,0,1,2,37,1,3,2,1,2,0,0,2,2,3,2,3,2,2,2,1,1,2,2,2,0,1,1,7,6,4,8,13,11,0,0,1,0,1,3,31,26,4,1,6,6,3,5,57,75,18
90,53033011002,11002,110.02,414.167557976963,,,Tract,4479,4292,187,393,1124,20,2532,26,3,194,43,16,0,15,0,95,18,4732,558,1219,80,2677,58,140,4267,436,1140,20,2547,26,98,212,173,20,17,49,0,7,11,15,5,3,5,1,1,12,21,6,37,11,5,0,0,4,0,0,5,2,0,8,0,0,0,0,0,0,0,0,2,2,1,0,0,0,0,0,1,0,0,0,0,0,0,0,0,0,0,0,0,0,0,0,0,0,35.1,33.4,36,2174,163,189,180,116,65,37,34,95,143,103,150,168,157,140,133,46,53,25,31,62,44,24,16,2305,172,193,165,110,48,29,31,85,142,135,179,159,163,153,161,57,66,44,49,68,45,27,24,485,468,202,257,210,183,19,12,18,16,20,34,1964,2122,144,160,467,452,182,223,4086,61,1288
91,53033011001,11001,110.01,264.588122190909,,,Tract,4534,4244,290,570,1440,15,1969,43,5,202,98,25,1,12,0,117,37,4806,803,1606,80,2098,65,154,4295,668,1465,16,1981,43,122,239,211,47,13,43,0,7,20,29,10,11,8,0,1,11,11,0,23,12,6,0,0,2,0,0,0,0,0,0,0,1,0,0,0,1,1,0,0,5,5,0,0,0,0,0,0,0,0,0,0,0,0,0,0,0,0,0,0,0,0,0,0,0,34.9,33.9,35.8,2135,196,180,156,103,61,24,30,86,130,137,162,160,145,107,110,34,54,31,43,72,53,34,27,2399,179,191,165,90,59,34,28,86,155,186,194,148,155,123,132,67,50,33,65,91,61,63,44,439,446,260,357,260,310,15,20,12,8,41,81,1875,2089,181,159,427,438,219,276,3964,69,1260
92,53033011102,11102,111.02,320.707701028402,,,Tract,4419,3915,504,1772,692,12,1205,33,16,185,166,32,2,11,3,250,40,4687,2106,832,69,1311,58,311,4194,1938,724,14,1216,36,266,225,186,40,22,43,2,25,8,11,0,13,1,0,1,14,6,0,35,19,10,0,0,0,0,0,3,0,0,0,0,0,3,0,0,0,0,0,0,4,4,0,0,0,0,0,0,0,0,0,0,0,0,0,0,0,0,0,0,0,0,0,0,0,38.4,37.6,39.1,2183,178,152,127,82,40,41,21,64,138,165,167,166,152,140,146,56,56,40,44,68,45,35,60,2236,167,161,115,72,47,16,33,78,138,146,177,151,127,143,159,61,60,42,40,70,40,53,140,361,348,292,385,838,934,61,70,106,111,163,226,1345,1302,117,97,255,237,129,159,2647,73,1054
93,53033011101,11101,111.01,284.255930239791,,,Tract,4390,4138,252,552,1177,10,2092,89,16,202,104,16,3,6,0,102,21,4658,775,1299,68,2233,125,158,4167,656,1193,13,2098,89,118,223,184,39,7,32,3,3,15,20,1,3,7,0,0,24,30,0,33,13,3,2,1,6,0,0,3,1,0,3,0,0,0,0,0,0,0,0,1,6,3,0,1,2,0,0,0,0,0,0,0,0,0,0,0,0,0,0,0,0,0,0,0,0,38.3,37.5,39.1,2089,126,117,138,80,70,18,23,93,156,143,152,179,158,132,141,49,68,38,42,76,36,25,29,2301,125,144,135,90,71,27,27,89,153,157,160,167,139,168,137,71,96,41,53,92,69,42,48,335,369,246,345,250,302,15,17,13,17,23,43,1839,1999,111,108,322,352,223,302,3838,68,955
94,53033010200,10200,102,688.642476655597,,,Tract,4835,4576,259,2720,763,5,808,21,8,251,138,23,6,5,0,55,32,5168,3081,938,85,928,45,91,4552,2858,786,11,813,21,63,283,237,80,25,55,4,15,11,20,0,4,4,0,1,12,4,2,43,23,8,1,1,5,0,0,2,1,0,1,1,0,0,0,0,0,0,0,0,2,1,0,0,0,0,0,1,0,0,0,0,0,0,0,0,1,1,0,0,0,0,0,0,0,41.6,41.4,41.9,2307,185,136,144,76,43,18,18,54,91,135,184,239,188,184,180,58,92,42,48,52,47,49,44,2528,171,146,121,79,43,20,15,46,129,174,230,213,189,191,204,86,97,47,57,70,72,59,69,356,346,282,374,1318,1402,123,96,194,182,141,193,989,1126,62,75,162,164,141,181,2115,63,1058
95,53033010300,10300,103,410.244940111841,,,Tract,5940,5412,528,1949,1589,41,1473,41,18,301,214,27,22,16,0,190,59,6353,2423,1786,171,1658,61,254,5580,2163,1616,63,1489,41,208,360,312,71,38,80,1,26,30,28,1,4,15,0,0,8,10,0,43,17,11,1,1,2,1,0,5,1,0,1,0,0,0,0,0,0,0,0,3,5,4,0,0,0,1,0,0,0,0,0,0,0,0,0,0,0,0,0,0,0,0,0,0,0,38,37,38.7,2941,226,202,155,93,64,27,31,96,215,246,295,267,237,209,180,69,93,39,46,66,34,18,33,2999,193,157,141,88,45,24,22,103,226,287,288,270,216,217,205,74,80,44,52,73,61,47,86,450,386,236,363,972,977,61,53,95,59,44,83,1969,2022,165,140,355,327,192,280,3991,75,1255
96,53033010401,10401,104.01,399.526573840079,,,Tract,4432,4215,217,773,615,22,2558,23,12,212,67,10,7,14,6,68,45,4734,1017,741,90,2722,51,113,4175,840,625,29,2572,29,80,257,216,46,14,74,1,10,19,19,1,2,3,0,0,10,17,0,37,11,4,0,3,7,0,0,3,1,0,2,0,0,5,0,0,1,0,0,0,4,3,0,0,0,0,0,0,0,0,0,1,0,0,0,0,0,0,0,0,0,0,0,0,0,39.7,38.4,41.1,2192,139,120,110,89,51,32,33,90,174,155,157,153,172,162,165,48,51,43,43,61,59,34,51,2240,123,101,134,72,54,20,22,92,142,163,163,148,168,146,180,64,67,39,61,93,59,61,68,319,307,291,381,393,380,21,21,22,36,40,53,1799,1860,118,102,297,271,251,328,3659,61,888
97,53033010402,10402,104.02,444.505888172617,,,Tract,4669,4305,364,1081,396,20,2506,36,11,255,146,10,13,9,4,137,45,5035,1458,521,116,2679,73,188,4369,1227,406,33,2515,40,148,300,247,47,34,92,4,7,10,12,7,1,6,1,0,7,18,1,40,10,10,0,3,5,2,1,1,3,0,1,0,0,0,1,0,0,0,0,3,13,4,7,1,0,0,0,0,0,0,0,0,1,0,0,0,0,0,0,0,0,0,0,0,0,38.2,36.3,40.7,2357,141,116,130,91,77,34,40,116,177,198,206,158,162,152,156,60,76,32,51,65,44,34,41,2312,133,124,102,74,60,32,21,85,160,181,166,135,176,171,158,70,86,46,54,71,78,59,70,337,300,267,378,591,490,35,31,36,37,64,80,1766,1822,106,102,301,263,203,298,3588,64,911
98,53033009300,9300,93,2341.80655738052,,,Tract,2354,2058,296,1066,238,91,532,14,12,105,105,6,4,2,0,156,23,2499,1279,280,136,599,24,181,2226,1171,244,95,534,14,168,128,111,19,21,43,2,7,5,2,0,1,4,0,0,5,2,0,17,5,3,1,0,4,0,2,1,0,0,0,0,0,0,0,0,0,0,0,1,0,0,0,0,0,0,0,0,0,0,0,0,0,0,0,0,0,0,0,0,0,0,0,0,0,40.8,41.6,39.7,1342,48,35,28,16,13,8,19,59,135,144,123,144,138,137,123,34,37,17,19,20,17,20,8,1012,45,28,25,19,10,10,12,52,119,108,89,78,56,77,77,36,28,15,20,27,23,26,32,79,72,101,143,642,424,11,11,16,9,41,42,700,588,37,34,63,63,60,101,1288,71,244
99,53033010001,10001,100.01,571.833673898475,,,Tract,3769,3292,477,956,787,14,1333,12,4,186,136,18,5,10,0,265,43,4016,1237,878,72,1481,39,309,3540,1092,805,19,1343,12,269,229,211,27,8,73,3,19,16,17,0,1,11,0,4,16,10,6,18,7,2,0,0,4,0,0,2,0,0,3,0,0,0,0,0,0,0,0,0,0,0,0,0,0,0,0,0,0,0,0,0,0,0,0,0,0,0,0,0,0,0,0,0,0,37.4,36.3,38.9,1868,131,131,118,55,45,19,20,78,136,148,169,129,114,112,101,47,57,29,47,72,40,42,28,1901,139,114,99,65,40,22,18,74,142,136,135,122,122,124,112,53,63,31,65,82,61,42,40,304,278,258,321,507,449,31,27,26,20,63,49,1361,1452,100,112,278,258,195,272,2813,75,852
100,53033010100,10100,101,616.509038381388,,,Tract,6553,5993,560,2519,1689,40,1357,22,13,353,238,23,10,4,0,213,72,7043,3077,1929,145,1570,47,275,6128,2757,1712,50,1361,22,226,425,365,104,26,110,5,19,27,29,4,7,11,0,1,5,17,0,55,21,15,0,1,4,0,0,9,0,1,2,0,0,1,1,0,0,0,0,0,5,3,0,0,0,2,0,0,0,0,0,0,0,0,0,0,0,0,0,0,0,0,0,0,0,39.3,38.6,39.9,3125,249,204,168,111,66,40,29,99,169,241,273,271,259,215,219,67,114,64,60,74,57,32,44,3428,253,205,180,112,54,24,30,100,187,275,299,286,228,194,275,98,118,70,88,91,82,75,104,483,497,331,510,1232,1287,96,88,123,117,113,183,1893,2141,153,165,360,380,218,327,4034,73,1482
101,53033009500,9500,95,629.162344076957,,,Tract,5906,5621,285,3275,987,37,982,11,14,315,107,17,6,2,3,95,55,6322,3672,1168,133,1168,29,152,5536,3382,1004,43,984,14,109,370,329,77,33,122,3,17,27,22,1,8,3,0,2,7,7,0,36,14,6,0,2,3,0,1,3,3,1,1,0,0,0,1,0,0,1,0,0,5,5,0,0,0,0,0,0,0,0,0,0,0,0,0,0,0,0,0,0,0,0,0,0,0,41.3,40.8,41.9,2884,194,203,149,100,42,29,23,67,153,198,238,288,243,224,198,95,126,55,66,65,57,36,35,3022,184,191,159,99,45,22,18,72,161,207,251,249,244,262,237,101,130,53,77,90,67,50,53,452,449,314,390,1620,1655,111,109,219,212,136,156,1264,1367,83,75,233,237,178,234,2631,63,1279
102,53033010002,10002,100.02,234.310990800343,,,Tract,4313,3659,654,1381,290,34,1678,17,16,243,226,16,15,18,3,341,35,4631,1830,408,104,1865,36,388,4035,1607,306,49,1696,20,357,278,241,43,17,112,2,14,8,14,1,8,5,0,0,9,8,0,34,15,8,0,0,5,0,0,4,0,0,2,0,0,0,0,0,0,0,0,0,3,2,0,1,0,0,0,0,0,0,0,0,0,0,0,0,0,0,0,0,0,0,0,0,0,38,37.3,38.7,2229,132,108,80,48,37,32,21,119,215,216,215,194,191,148,149,50,62,18,35,57,37,29,36,2084,122,88,73,56,36,21,25,83,207,209,157,165,153,136,142,46,51,32,46,60,55,61,60,236,217,212,314,738,643,48,38,46,40,37,43,1491,1441,84,84,190,177,175,271,2932,72,707
103,53033009400,9400,94,425.765560572099,,,Tract,5700,4732,968,1828,601,52,2012,17,6,216,245,23,10,15,0,605,70,6016,2312,727,109,2168,34,666,5414,2073,624,62,2027,17,611,286,260,58,22,95,6,34,4,14,0,7,6,2,1,4,6,1,22,8,6,1,1,2,0,0,1,1,0,0,0,0,0,2,0,0,0,0,0,4,2,0,0,0,0,0,0,0,0,2,0,0,0,0,0,0,0,0,0,0,0,0,0,0,36.5,36.4,36.6,3007,153,127,114,76,55,29,39,131,304,371,312,284,235,220,147,51,69,31,44,64,65,48,38,2693,132,109,119,71,40,26,37,140,305,293,244,202,171,151,140,51,70,47,58,81,74,76,56,317,299,290,392,993,835,27,28,47,53,43,51,2014,1858,126,104,270,246,247,341,3872,73,901
104,53033008900,8900,89,314.301141559081,,,Tract,4829,4490,339,2288,1492,21,410,30,15,234,137,20,3,2,2,117,58,5168,2622,1650,131,540,52,173,4537,2425,1512,24,412,32,132,292,252,44,23,75,2,15,41,12,3,13,10,0,0,8,6,0,33,15,1,0,0,5,4,0,3,3,0,1,0,1,0,0,0,0,0,0,0,7,4,0,3,0,0,0,0,0,0,0,0,0,0,0,0,0,0,0,0,0,0,0,0,0,37.1,37.1,37.1,2401,156,130,100,77,50,20,22,100,219,235,244,228,179,166,144,54,63,34,44,46,44,24,22,2428,153,131,92,61,39,17,17,106,250,247,239,194,152,178,150,57,75,41,44,51,49,45,40,307,284,214,270,1199,1089,65,58,70,71,85,78,1202,1339,91,95,237,213,129,192,2541,67,900
105,53033009000,9000,90,202.799415981607,,,Tract,2925,2607,318,902,638,14,876,7,6,164,106,2,11,8,1,168,22,3140,1150,733,67,974,29,187,2739,1008,640,25,884,8,174,186,159,44,13,50,4,4,11,16,5,1,1,0,1,4,5,0,25,12,2,0,0,3,1,0,5,2,0,0,0,0,0,0,0,0,0,0,0,2,0,0,0,2,0,0,0,0,0,0,0,0,0,0,0,0,0,0,0,0,0,0,0,0,38.9,37,40.6,1462,70,46,37,33,27,24,24,79,180,154,116,110,94,70,63,33,38,25,35,51,43,46,64,1463,64,69,55,26,16,13,11,67,171,129,98,78,56,52,56,43,33,25,42,55,94,82,128,116,150,264,426,531,371,16,7,20,12,41,31,931,1092,54,57,96,138,223,395,2023,75,400
106,53033009100,9100,91,103.491747344556,,,Tract,2508,2391,117,388,325,17,1569,5,3,84,41,3,3,3,3,33,31,2654,512,366,47,1640,29,60,2393,429,328,20,1572,8,36,115,96,12,15,32,7,2,1,7,0,4,3,0,0,2,10,1,11,1,2,0,0,1,0,0,0,0,3,0,0,0,3,0,0,0,0,0,1,4,3,0,1,0,0,0,0,0,0,0,0,0,0,0,0,4,2,0,0,2,0,0,0,0,48,44.6,52.6,1257,56,45,52,22,21,8,17,58,102,95,80,79,78,89,83,43,63,22,39,58,61,39,47,1251,34,47,54,28,13,14,7,32,97,71,67,70,52,80,83,37,64,27,40,55,84,84,111,119,129,266,401,277,111,0,0,2,4,22,8,980,1140,56,34,117,125,244,393,2120,56,338
107,53033012100,12100,121,422.294112795824,,,Tract,2681,2555,126,2250,26,13,129,21,10,106,55,3,3,2,0,25,38,2844,2442,43,53,210,32,64,2537,2305,29,16,131,21,35,144,128,10,24,59,5,23,0,2,0,0,2,0,0,1,0,2,13,1,1,0,0,10,0,0,0,1,0,0,0,0,0,0,0,0,0,0,0,3,0,0,0,0,0,0,0,0,0,3,0,0,0,0,0,0,0,0,0,0,0,0,0,0,48.5,48.3,48.6,1274,73,52,72,37,26,9,9,29,33,51,78,95,115,138,120,41,64,36,41,52,36,35,32,1407,73,52,84,50,16,10,8,20,44,50,84,112,139,129,141,49,80,38,38,61,45,37,47,161,186,232,266,1078,1172,53,57,119,139,218,245,196,235,20,16,42,47,14,21,431,29,493
108,53033012000,12000,120,357.68454201191,,,Tract,3349,3110,239,2640,64,23,193,10,6,174,137,5,4,2,2,64,25,3570,2952,128,85,303,22,80,3150,2777,69,27,195,12,70,199,178,32,36,80,1,6,3,9,0,1,2,0,0,6,2,0,20,10,1,1,0,6,0,0,1,0,0,0,0,0,1,0,0,0,0,0,0,1,0,0,1,0,0,0,0,0,0,0,0,0,0,0,0,0,0,0,0,0,0,0,0,0,41.1,40.4,41.6,1639,109,91,88,53,24,9,10,35,103,131,154,139,175,159,140,36,47,23,28,25,30,13,17,1710,98,91,80,58,29,8,9,48,92,133,146,176,141,156,138,40,64,27,29,42,37,26,42,232,229,136,203,1292,1348,72,67,155,157,115,173,347,362,37,31,77,72,21,30,709,37,668
109,53033011402,11402,114.02,293.095677893461,,,Tract,4174,3188,986,1705,461,77,684,59,6,196,348,22,41,5,1,493,76,4478,2281,585,187,784,93,548,3902,2053,483,118,689,60,499,272,246,58,37,62,10,37,6,12,6,4,5,2,2,3,2,0,21,5,2,0,2,1,4,0,3,2,0,1,1,0,0,0,0,0,0,0,0,4,1,3,0,0,0,0,0,0,0,0,0,0,0,0,0,1,1,0,0,0,0,0,0,0,34.7,34.2,35.1,1999,180,118,120,68,39,28,20,75,178,214,182,154,134,116,101,38,37,33,41,45,26,25,27,2175,180,134,131,58,41,29,22,90,182,215,188,152,132,118,102,50,39,42,46,57,45,44,78,306,323,197,312,780,925,49,42,53,67,108,202,1219,1250,131,138,253,256,89,110,2469,74,989
110,53033011600,11600,116,769.56875538477,,,Tract,6413,6142,271,5497,105,36,268,18,10,208,150,1,5,5,0,63,47,6690,5885,158,95,415,25,112,6158,5647,106,41,273,18,73,255,235,38,34,113,4,29,1,6,0,1,4,0,1,1,3,0,18,4,1,0,0,7,0,1,1,4,0,0,0,0,0,0,0,0,0,0,0,2,1,0,0,0,0,0,1,0,0,0,0,0,0,0,0,0,0,0,0,0,0,0,0,0,44.9,44.5,45.3,3034,214,179,117,75,33,16,16,52,165,162,234,282,322,267,264,114,119,53,70,71,58,73,78,3379,195,174,154,76,39,12,11,53,149,242,256,315,279,291,283,79,130,55,86,93,83,95,229,371,404,403,641,2596,2901,161,144,283,320,384,607,438,478,53,51,88,84,19,34,916,26,1184
111,53033011300,11300,113,790.590939580674,,,Tract,5984,5106,878,2980,399,84,1201,89,10,343,359,23,41,11,0,336,108,6518,3705,591,270,1398,141,413,5533,3339,422,125,1212,89,346,451,378,86,56,100,10,44,14,16,1,5,19,1,5,13,2,6,65,31,11,0,0,5,4,1,7,3,0,0,0,1,1,0,0,1,0,0,0,6,0,0,0,1,0,0,5,0,0,0,0,0,0,0,0,2,2,0,0,0,0,0,0,0,36.1,36,36.3,2900,215,168,153,84,75,35,37,105,259,263,277,269,217,206,174,46,74,30,54,67,43,26,23,3084,215,153,161,101,69,37,42,136,255,298,279,257,214,221,177,68,74,49,52,74,61,42,49,405,415,243,327,1456,1524,85,74,98,101,157,230,1444,1560,130,141,307,314,86,97,3004,68,1250
112,53033011500,11500,115,380.134360718302,,,Tract,4191,3924,267,3283,121,30,286,15,6,183,130,0,12,7,0,75,43,4456,3614,190,93,408,35,116,3965,3413,121,42,293,15,81,226,192,42,31,73,2,23,3,6,1,2,1,0,0,5,3,0,31,4,5,1,2,5,0,0,5,5,0,0,0,0,0,0,0,4,0,0,0,1,1,0,0,0,0,0,0,0,0,0,0,0,0,0,0,2,2,0,0,0,0,0,0,0,39.3,38.6,40,1993,149,97,65,57,30,15,19,55,139,208,239,211,171,165,140,36,50,27,23,27,23,27,20,2198,135,110,76,57,21,15,13,75,155,213,229,214,202,182,159,59,56,32,34,45,43,34,39,219,243,147,227,1565,1718,111,99,141,149,125,189,428,480,38,36,78,94,22,38,908,37,746
113,53033011401,11401,114.01,304.714177602183,,,Tract,4027,3357,670,1981,490,30,607,23,7,219,238,12,15,9,0,299,97,4393,2469,615,129,749,54,377,3711,2219,502,45,616,23,306,316,269,55,37,79,5,39,9,6,1,7,10,0,1,7,9,4,44,15,4,4,1,1,2,0,4,1,0,1,0,3,0,4,0,2,1,0,1,3,2,0,0,1,0,0,0,0,0,0,0,0,0,0,0,0,0,0,0,0,0,0,0,0,33.2,32.7,33.7,1970,135,117,120,71,47,31,32,98,221,201,185,161,125,144,105,39,32,20,21,30,16,11,8,2057,137,130,88,70,35,29,28,115,240,210,207,140,153,138,111,47,38,28,24,37,16,18,18,308,288,106,141,960,1021,42,47,76,81,69,103,1010,1036,93,90,232,207,37,38,2046,69,868
114,53033010800,10800,108,1000.66749920555,,,Tract,4596,4220,376,2259,466,36,1122,74,18,245,138,15,28,4,0,140,51,4943,2632,618,161,1254,95,183,4300,2397,481,64,1126,74,158,296,248,57,42,75,10,9,19,14,2,5,6,0,1,4,4,0,46,19,13,0,0,3,2,0,2,1,0,2,0,2,0,2,0,0,0,0,0,1,0,0,0,0,1,0,0,0,0,0,0,0,0,0,0,1,1,0,0,0,0,0,0,0,35.3,34.8,35.8,2323,184,127,133,90,55,22,29,93,209,229,205,187,178,160,175,59,54,28,24,37,18,16,11,2273,149,139,140,99,53,26,25,71,174,220,209,163,162,176,166,47,61,41,27,43,29,20,33,350,378,134,193,1163,1096,60,59,102,99,68,112,1160,1177,124,90,248,279,66,81,2337,68,1061
115,53033010701,10701,107.01,359.89033057523,,,Tract,3385,2953,432,1333,814,26,542,47,10,181,139,31,5,8,4,197,48,3652,1656,945,94,628,79,250,3156,1472,845,31,550,51,207,229,195,49,33,41,10,22,6,8,7,2,3,0,1,6,5,2,30,11,4,1,3,2,0,0,0,4,0,2,0,1,2,0,0,0,0,0,0,4,1,0,3,0,0,0,0,0,0,0,0,0,0,0,0,0,0,0,0,0,0,0,0,0,31.6,31.6,31.7,1699,158,117,104,74,46,30,16,75,171,177,157,140,119,89,90,24,34,17,15,21,16,6,3,1686,151,109,99,52,44,30,29,97,171,178,164,113,119,96,84,14,41,13,15,30,15,12,10,295,260,78,95,702,631,36,38,51,43,35,39,997,1055,122,113,244,217,43,56,2052,74,864
116,53033010600,10600,106,624.108977175297,,,Tract,7310,6909,401,5923,235,40,346,11,13,341,207,8,8,6,0,107,65,7777,6495,354,168,550,43,167,6904,6130,243,48,352,11,120,406,349,61,75,143,11,25,6,7,0,5,5,0,0,4,4,3,53,10,8,3,3,12,0,5,8,0,0,3,0,0,0,1,0,0,0,0,0,4,0,0,1,0,0,0,0,0,0,0,3,0,0,0,0,0,0,0,0,0,0,0,0,0,41.4,41.4,41.4,3516,249,137,127,80,40,17,22,79,261,327,320,339,342,286,288,88,145,76,69,82,55,39,48,3794,198,154,166,76,28,25,18,122,303,351,339,329,314,339,307,104,143,74,81,88,63,72,100,344,396,369,478,2844,3079,172,133,241,268,336,428,672,715,77,65,103,128,33,50,1387,33,1187
117,53033010702,10702,107.02,193.902876096265,,,Tract,3679,3381,298,1169,1447,38,503,68,7,149,104,27,16,5,0,94,52,3905,1419,1569,121,571,85,140,3478,1273,1474,54,508,68,101,201,176,43,29,33,1,18,14,12,5,4,1,6,0,1,9,0,25,12,2,0,1,3,0,1,0,2,1,0,0,0,0,0,2,0,0,1,0,0,0,0,0,0,0,0,0,0,0,0,0,0,0,0,0,0,0,0,0,0,0,0,0,0,28.9,27.5,29.8,1693,258,187,128,91,42,14,21,51,128,140,136,116,84,77,68,22,27,10,22,34,12,13,12,1986,234,192,151,68,48,17,19,69,204,198,171,118,105,85,72,29,36,23,32,37,36,23,19,406,411,103,170,554,615,40,39,51,56,37,76,1139,1371,218,195,355,355,66,94,2510,72,1309
118,53033010500,10500,105,424.497200577183,,,Tract,6342,6023,319,5185,129,46,354,23,10,276,175,7,5,1,3,68,60,6727,5657,230,134,527,50,129,6006,5360,136,51,355,26,78,336,293,44,49,127,3,32,7,8,3,7,1,0,1,7,4,0,39,13,6,1,1,6,0,1,7,3,0,0,0,1,0,0,0,0,0,0,0,2,0,0,1,0,0,0,1,0,0,0,0,0,0,0,0,2,2,0,0,0,0,0,0,0,41,39.6,42.9,2829,151,110,101,61,28,17,14,86,291,290,294,287,237,192,186,74,85,46,49,58,51,41,80,3513,175,113,89,52,34,13,20,117,326,338,313,273,235,207,240,67,112,49,65,107,103,158,307,272,254,325,789,2304,2881,104,124,195,175,302,713,525,632,47,51,77,79,23,76,1157,32,852
119,53033009900,9900,99,1612.58200155386,,,Tract,4787,4270,517,3294,300,37,399,24,8,208,235,18,15,3,6,175,65,5100,3779,405,144,513,52,207,4514,3529,318,52,402,30,183,273,235,52,59,84,10,10,3,5,1,3,1,0,5,0,1,1,36,14,6,0,0,1,0,4,8,0,0,3,0,0,0,0,0,0,0,0,0,2,0,0,0,0,0,0,2,0,0,0,0,0,0,0,0,0,0,0,0,0,0,0,0,0,36.4,36.8,36,2419,144,86,57,58,36,21,21,98,264,313,284,257,223,174,148,42,54,36,32,32,23,9,7,2368,125,89,80,44,35,17,13,101,316,309,248,219,176,175,131,62,59,29,27,39,30,21,23,201,213,139,169,1684,1610,99,73,84,93,111,122,735,758,45,52,117,120,28,47,1493,50,683
120,53033009702,9702,97.02,548.327052403798,,,Tract,5173,4952,221,4440,77,28,181,6,12,208,149,2,6,2,0,36,26,5435,4793,140,97,310,26,69,4939,4589,79,34,183,6,48,234,207,36,37,92,3,11,9,1,0,2,3,1,1,8,3,0,26,5,5,0,2,5,0,0,5,2,0,0,0,0,0,0,0,2,0,0,0,1,0,0,0,1,0,0,0,0,0,0,0,0,0,0,0,0,0,0,0,0,0,0,0,0,40.8,40.3,41.4,2497,210,142,116,67,42,19,15,45,122,191,259,268,227,202,180,63,92,36,45,37,47,35,37,2676,190,163,146,62,38,10,13,35,133,211,252,279,243,217,200,59,92,38,41,75,49,53,77,325,371,237,333,2154,2286,174,152,263,272,223,304,343,390,36,38,62,99,14,29,733,26,1096
121,53033009701,9701,97.01,442.863782508335,,,Tract,5290,5075,215,4517,74,40,250,2,20,172,148,3,6,3,0,35,20,5499,4843,130,90,347,21,68,5098,4665,77,46,253,2,55,192,178,44,34,70,9,9,0,4,1,1,2,0,0,3,1,0,11,0,1,0,0,4,0,0,4,1,0,0,0,0,0,0,0,0,1,0,0,3,1,0,0,0,0,0,1,0,0,0,1,0,0,0,0,0,0,0,0,0,0,0,0,0,44.3,43,45.4,2581,107,106,111,72,37,16,6,76,210,225,210,193,237,239,231,72,110,55,62,66,47,38,55,2709,70,102,107,62,23,20,9,73,200,219,223,224,244,257,240,99,133,56,78,81,55,58,76,289,271,323,404,2189,2328,80,51,207,211,304,377,392,381,27,19,82,60,19,27,773,27,737
122,53033009800,9800,98,477.056552496098,,,Tract,6198,5893,305,5178,122,28,310,14,8,233,172,5,9,7,0,58,54,6515,5618,196,102,477,28,94,5911,5350,127,37,317,14,66,287,259,46,36,134,6,19,2,1,0,1,6,0,2,5,0,1,26,13,3,0,1,4,0,0,1,3,0,0,0,0,0,0,0,1,0,0,0,2,1,0,0,0,1,0,0,0,0,0,0,0,0,0,0,0,0,0,0,0,0,0,0,0,39.8,39.3,40.3,2988,243,169,142,66,35,13,12,70,173,269,357,326,278,213,214,82,80,33,57,63,33,30,30,3210,219,186,149,80,37,16,12,75,204,283,326,335,275,257,220,78,108,48,68,52,51,54,77,377,415,246,350,2503,2675,184,165,301,325,222,313,485,535,59,54,76,90,24,37,1020,30,1254
123,53033009600,9600,96,452.888008623998,,,Tract,5252,5056,196,4440,106,24,300,4,7,175,135,5,3,1,0,30,22,5464,4756,152,69,418,13,56,5055,4575,111,27,301,4,37,197,184,26,33,92,4,14,1,7,0,0,3,0,0,2,2,0,11,2,3,0,0,2,0,0,2,1,0,0,0,0,0,1,0,0,0,0,0,2,0,0,0,0,1,0,1,0,0,0,0,0,0,0,0,0,0,0,0,0,0,0,0,0,46.5,45.5,47.5,2499,119,112,103,63,29,14,10,67,157,173,168,219,200,238,201,75,117,68,89,83,61,53,80,2753,134,116,81,43,23,10,9,69,191,196,183,218,204,220,228,82,138,79,68,101,93,103,164,278,240,434,608,2141,2299,83,99,224,179,404,548,358,454,36,35,54,61,30,60,812,28,771
124,53033008001,8001,80.01,120.234978679764,,,Tract,5588,5248,340,3787,322,47,876,20,8,188,206,14,7,8,0,69,36,5829,4186,379,103,1017,39,105,5364,3993,336,54,884,20,77,224,209,17,33,104,10,14,6,6,0,3,3,0,1,3,9,0,13,6,2,0,1,0,0,0,4,0,0,0,0,0,0,0,0,0,0,0,0,2,0,0,0,2,0,0,0,0,0,0,0,0,0,0,0,0,0,0,0,0,0,0,0,0,35.7,36.3,34.9,3191,26,16,9,4,15,25,16,201,696,488,352,280,259,243,187,79,77,49,48,49,37,22,13,2397,43,13,8,5,21,19,13,201,521,362,218,170,138,159,165,59,75,45,44,50,19,28,21,29,26,218,207,2165,1622,15,24,13,16,183,173,1026,775,11,19,16,10,35,34,1801,51,124
125,53033008002,8002,80.02,56.5996795845715,,,Tract,3013,2821,192,2057,289,64,259,13,9,130,107,6,2,4,0,55,18,3178,2282,348,119,324,23,82,2865,2164,295,66,263,13,64,148,134,22,26,47,5,4,12,3,2,3,1,0,3,2,4,0,11,7,1,0,0,1,0,0,1,1,0,0,0,0,0,0,0,0,0,0,0,3,0,0,3,0,0,0,0,0,0,0,0,0,0,0,0,0,0,0,0,0,0,0,0,0,41.9,43.9,38.3,1822,11,7,5,3,39,26,20,110,250,159,162,156,178,162,183,46,74,45,50,63,38,18,17,1191,15,4,6,1,65,22,23,117,173,115,80,68,61,99,86,47,62,26,23,46,31,15,6,15,11,231,147,1228,829,5,8,10,5,178,116,594,362,6,7,5,6,53,31,956,51,52
126,53033007200,7200,72,249.632489236294,,,Tract,5318,4949,369,3457,369,51,811,18,13,230,213,9,8,7,2,85,45,5621,3896,457,143,943,45,137,5043,3670,378,59,818,20,98,275,249,42,57,83,4,16,11,4,0,10,2,0,1,11,8,0,24,7,0,1,1,4,0,0,8,2,0,0,0,0,0,1,0,0,0,0,0,2,1,0,0,0,0,0,0,0,0,0,1,0,0,0,0,0,0,0,0,0,0,0,0,0,30.8,31.3,30.3,2790,37,11,8,7,89,49,56,336,658,459,247,184,157,162,112,45,64,18,19,27,23,13,9,2528,36,10,14,14,159,59,67,289,593,299,174,140,141,147,112,43,39,39,28,40,35,25,25,26,38,109,192,1865,1592,14,13,9,17,65,125,925,936,23,23,17,21,44,67,1861,54,137
127,53033007100,7100,71,213.017983534862,,,Tract,3055,2837,218,2256,160,21,283,5,9,103,122,5,5,5,0,54,27,3201,2493,192,67,345,16,88,2925,2378,165,26,288,5,63,130,116,16,25,40,1,21,4,2,0,0,3,1,0,3,0,0,12,2,2,1,0,2,0,0,2,1,0,0,0,0,0,0,0,0,0,2,0,2,0,0,0,0,0,0,1,1,0,0,0,0,0,0,0,0,0,0,0,0,0,0,0,0,33.6,34.9,32,1612,29,6,4,2,12,8,14,87,342,307,177,136,97,136,84,32,45,25,15,26,11,7,10,1443,39,15,4,1,7,12,12,135,371,249,159,87,63,67,70,27,37,14,15,25,13,12,9,12,20,94,88,1203,1053,15,17,7,7,80,77,409,390,14,22,5,13,14,11,799,44,100
128,53033005802,5802,58.02,763.624639939404,,,Tract,5059,4643,416,3835,181,24,346,26,7,224,235,5,11,1,2,124,38,5366,4302,254,118,480,49,163,4797,4070,186,35,347,28,131,262,220,27,46,96,5,17,6,4,0,7,3,1,0,5,3,0,40,16,3,0,2,7,0,1,9,1,0,1,0,0,0,0,0,0,0,0,0,1,0,0,1,0,0,0,0,0,0,0,0,0,0,0,0,1,1,0,0,0,0,0,0,0,36,35.6,36.6,2690,112,78,57,39,74,46,61,186,319,336,288,260,181,157,138,55,79,38,43,42,54,20,27,2369,89,70,51,32,22,30,39,179,327,260,216,170,163,133,136,71,74,44,39,66,48,47,63,174,153,224,307,1990,1845,75,52,107,99,196,272,700,524,37,37,67,54,28,35,1224,41,528
129,53033007000,7000,70,199.147082517469,,,Tract,6959,6633,326,5715,146,39,471,7,13,242,208,10,8,3,0,63,34,7256,6165,227,106,631,27,100,6683,5923,156,47,474,7,76,276,257,46,38,121,3,15,7,5,0,2,4,0,0,10,5,1,17,6,2,1,0,2,0,0,5,1,0,0,0,0,0,0,0,0,0,0,0,2,2,0,0,0,0,0,0,0,0,0,0,0,0,0,0,0,0,0,0,0,0,0,0,0,35.5,36.3,34.5,3287,69,55,40,18,16,16,18,199,642,458,368,278,212,202,180,62,101,54,60,71,64,47,57,3672,66,49,42,14,45,32,36,322,762,507,286,233,173,196,170,70,118,49,72,92,75,95,168,113,105,353,551,2694,3021,52,43,77,76,320,506,593,651,17,23,36,29,33,45,1244,32,353
130,53033006900,6900,69,223.097657509454,,,Tract,4080,3927,153,3481,45,10,198,6,7,180,98,0,1,1,0,32,21,4301,3768,68,49,326,32,58,3879,3579,45,11,199,6,39,201,187,13,27,111,12,12,1,2,0,0,1,0,1,5,2,0,10,3,0,0,0,0,0,1,5,1,0,0,0,0,0,0,0,0,0,0,0,2,0,2,0,0,0,0,0,0,0,0,0,0,0,0,0,2,0,0,2,0,0,0,0,0,38.4,37.9,38.8,1960,115,91,72,61,17,4,10,72,222,192,209,159,159,153,148,37,72,26,46,46,22,16,11,2120,120,99,66,41,15,8,14,84,234,221,206,171,151,157,162,68,80,38,52,45,19,29,40,224,206,167,223,1677,1804,88,93,179,159,157,207,283,316,27,27,45,47,10,16,599,27,665
131,53033026001,26001,260.01,14.9997699106252,,,Tract,106,95,11,40,35,0,19,0,0,1,3,4,1,0,0,3,0,107,44,40,1,19,0,3,105,43,39,1,19,0,3,1,1,1,0,0,0,0,0,0,0,0,0,0,0,0,0,0,0,0,0,0,0,0,0,0,0,0,0,0,0,0,0,0,0,0,0,0,0,0,0,0,0,0,0,0,0,0,0,0,0,0,0,0,0,0,0,0,0,0,0,0,0,0,37.8,40.5,37.2,47,2,4,2,2,0,1,0,1,6,1,4,3,6,3,5,1,2,0,1,1,1,0,1,59,3,5,5,2,1,2,0,2,4,4,5,4,5,2,7,2,2,0,1,1,1,0,1,8,12,4,4,20,20,1,0,0,3,2,2,27,39,1,3,8,9,2,2,66,74,25
132,53033000500,500,5,691.438772394433,,,Tract,3165,3102,63,2730,41,6,215,5,9,96,46,0,3,2,0,7,5,3274,2875,55,31,280,14,19,3064,2776,41,9,217,5,16,101,93,11,18,56,4,2,1,0,0,0,0,0,0,0,1,0,8,2,0,0,0,1,0,0,5,0,0,0,0,0,0,0,0,0,0,0,0,0,0,0,0,0,0,0,0,0,0,0,0,0,0,0,0,0,0,0,0,0,0,0,0,0,49.6,48.7,50.3,1519,75,93,105,64,24,7,7,25,40,54,75,99,124,146,170,50,90,32,49,65,38,37,50,1646,69,88,87,47,34,15,6,22,36,60,91,105,154,153,195,59,86,40,60,47,58,59,75,262,222,271,339,1333,1397,68,51,214,178,250,315,186,249,7,18,48,44,21,24,435,25,628
133,53033010900,10900,109,1189.38010994944,,,Tract,1287,1129,158,842,92,19,125,4,4,43,62,3,6,1,0,79,7,1346,949,112,51,140,5,89,1237,904,95,25,126,4,83,50,42,11,16,6,0,4,0,1,0,0,1,0,1,1,1,0,7,4,0,0,0,3,0,0,0,0,0,0,0,0,0,0,0,0,0,0,0,1,1,0,0,0,0,0,0,0,0,0,0,0,0,0,0,0,0,0,0,0,0,0,0,0,37,38.1,35.5,763,31,22,21,7,7,9,3,24,78,108,102,73,57,62,57,31,20,6,11,15,12,4,3,524,35,19,16,12,8,8,3,26,55,73,77,41,39,34,30,8,8,9,6,2,3,5,7,50,47,51,32,512,330,17,17,12,12,37,20,251,194,14,18,38,35,14,12,445,54,163
134,53033011200,11200,112,681.680772750876,,,Tract,3873,2417,1456,1235,344,46,609,61,7,115,476,58,29,7,1,770,115,4135,1881,484,150,670,89,861,3643,1711,402,75,616,62,777,230,203,32,34,31,8,42,7,5,5,15,1,3,7,0,10,3,22,9,0,3,1,1,0,4,0,0,0,1,0,0,0,0,0,1,2,0,0,5,1,3,0,0,0,0,1,0,0,0,0,0,0,0,0,0,0,0,0,0,0,0,0,0,33.8,34.5,32.9,2125,155,129,130,88,72,25,35,101,183,168,200,190,184,112,114,34,56,28,18,42,28,16,17,1748,148,134,112,70,49,19,17,74,147,164,151,138,122,101,102,35,33,18,16,30,26,15,27,347,316,149,132,685,550,26,29,41,54,71,75,1440,1198,129,119,306,262,78,57,2638,72,966
135,53033011900,11900,119,773.478078647768,,,Tract,7108,6671,437,1859,1896,36,2320,72,9,479,125,34,13,37,11,146,71,7774,2371,2249,216,2606,134,198,6558,1984,1930,49,2357,83,155,550,451,126,31,119,11,12,52,46,3,13,9,0,3,22,4,0,82,39,14,0,0,6,1,3,8,2,0,5,0,3,1,0,0,0,0,0,0,17,9,3,1,2,0,0,0,0,0,0,0,2,0,0,0,0,0,0,0,0,0,0,0,0,39.2,38,40.1,3581,215,213,232,185,111,53,35,131,229,214,277,296,273,249,247,86,119,64,77,100,71,46,58,3527,213,173,210,137,90,45,44,104,204,226,311,248,248,312,273,87,134,69,72,113,82,66,66,630,520,416,468,947,912,44,47,65,61,150,170,2634,2615,171,166,565,459,266,298,5249,75,1578
